blocked_count,wait_time_growth,edge_count,graph_density,is_deadlock_imminent
0,0.0,1,0.000248015873015873,0
0,0.03189021846893834,5,0.001240079365079365,0
0,0.02790412922001377,4,0.000992063492063492,0
0,0.10105152848065264,4,0.000992063492063492,0
0,0.0,3,0.000744047619047619,0
0,0.0,2,0.000496031746031746,0
0,0.0,9,0.002232142857142857,0
0,0.09503696823969032,2,0.000496031746031746,0
0,0.0,10,0.00248015873015873,0
0,0.0,7,0.001736111111111111,0
0,0.0,1,0.000248015873015873,0
0,0.05977204669126083,1,0.000248015873015873,0
0,0.012221916522267957,2,0.000496031746031746,0
0,0.0,4,0.000992063492063492,0
0,0.0,4,0.000992063492063492,0
0,0.09474398210466389,9,0.002232142857142857,0
0,0.0,10,0.00248015873015873,0
0,0.0,1,0.000248015873015873,0
0,0.0,9,0.002232142857142857,0
0,0.03893489132561233,4,0.000992063492063492,0
0,0.27783130415524404,9,0.002232142857142857,0
0,0.11936397242823174,7,0.001736111111111111,0
1,0.07384665799954104,4,0.000992063492063492,0
0,0.01713682811899705,8,0.001984126984126984,0
0,0.0,10,0.00248015873015873,0
0,0.0,5,0.001240079365079365,0
0,0.0,1,0.000248015873015873,0
0,0.10571222262189157,3,0.000744047619047619,0
0,0.0324083969394795,7,0.001736111111111111,0
0,0.0,6,0.001488095238095238,0
1,0.05821227947130392,5,0.001240079365079365,0
0,0.08877484595933573,3,0.000744047619047619,0
0,0.0,4,0.000992063492063492,0
0,0.0,6,0.001488095238095238,0
1,0.0,2,0.000496031746031746,0
0,0.0,2,0.000496031746031746,0
0,0.08125258223941981,7,0.001736111111111111,0
1,0.1356240028570823,2,0.000496031746031746,0
0,0.09729635337557875,6,0.001488095238095238,0
0,0.07955954638959417,6,0.001488095238095238,0
0,0.3372296253626673,1,0.000248015873015873,0
0,0.0,8,0.001984126984126984,0
0,0.0,9,0.002232142857142857,0
0,0.10424916173394211,2,0.000496031746031746,0
1,0.14778940447415162,7,0.001736111111111111,0
0,0.0,2,0.000496031746031746,0
0,0.0,9,0.002232142857142857,0
1,0.0,5,0.001240079365079365,0
0,0.02571168700562794,6,0.001488095238095238,0
0,0.031451289586317176,4,0.000992063492063492,0
1,0.0,2,0.000496031746031746,0
0,0.0,1,0.000248015873015873,0
0,0.029612027706457607,4,0.000992063492063492,0
0,0.026105527217988936,5,0.001240079365079365,0
0,0.0,2,0.000496031746031746,0
0,0.0,4,0.000992063492063492,0
0,0.0,2,0.000496031746031746,0
0,0.040405085681453845,7,0.001736111111111111,0
0,0.02575503907227644,5,0.001240079365079365,0
1,0.0,8,0.001984126984126984,0
0,0.0,6,0.001488095238095238,0
0,0.0,3,0.000744047619047619,0
0,0.0,6,0.001488095238095238,0
0,0.0003937304431402774,6,0.001488095238095238,0
1,0.0,4,0.000992063492063492,0
1,0.0,5,0.001240079365079365,0
0,0.0,2,0.000496031746031746,0
0,0.07731408558892489,3,0.000744047619047619,0
0,0.1405205305878188,9,0.002232142857142857,0
0,0.13923257534919029,4,0.000992063492063492,0
0,0.0,3,0.000744047619047619,0
0,0.0923162608341953,8,0.001984126984126984,0
0,0.17066049536784622,7,0.001736111111111111,0
0,0.08735894156353792,5,0.001240079365079365,0
0,0.06490867326291062,9,0.002232142857142857,0
0,0.0,4,0.000992063492063492,0
0,0.062054821596173516,6,0.001488095238095238,0
0,0.0,1,0.000248015873015873,0
0,0.0,4,0.000992063492063492,0
0,0.05561217985339653,1,0.000248015873015873,0
0,0.13638865244171053,3,0.000744047619047619,0
0,0.25391627162693325,1,0.000248015873015873,0
0,0.0,2,0.000496031746031746,0
0,0.11907272561136402,5,0.001240079365079365,0
0,0.0617640845511145,6,0.001488095238095238,0
0,0.12170707969801103,3,0.000744047619047619,0
0,0.022628826949887482,2,0.000496031746031746,0
0,0.08474014325766388,6,0.001488095238095238,0
0,0.017483301199147133,4,0.000992063492063492,0
0,0.0,4,0.000992063492063492,0
0,0.07345010648800457,6,0.001488095238095238,0
0,0.0,4,0.000992063492063492,0
0,0.07699773599307935,2,0.000496031746031746,0
1,0.12683895224039018,3,0.000744047619047619,0
0,0.0,2,0.000496031746031746,0
0,0.0,2,0.000496031746031746,0
0,0.0,6,0.001488095238095238,0
1,0.03411519748166439,5,0.001240079365079365,0
0,0.2734422159061742,5,0.001240079365079365,0
0,0.009376543015194676,3,0.000744047619047619,0
0,0.0,6,0.001488095238095238,0
0,0.09771800008130732,5,0.001240079365079365,0
0,0.0,4,0.000992063492063492,0
2,0.07403408179477386,5,0.001240079365079365,0
0,0.1045571168346317,4,0.000992063492063492,0
0,0.0,3,0.000744047619047619,0
0,0.07101092403639536,2,0.000496031746031746,0
0,0.009247887155109701,2,0.000496031746031746,0
0,0.023095372294513288,5,0.001240079365079365,0
1,0.0,4,0.000992063492063492,0
0,0.03577873603482833,1,0.000248015873015873,0
0,0.05607845263682344,7,0.001736111111111111,0
0,0.0,1,0.000248015873015873,0
0,0.0,7,0.001736111111111111,0
0,0.0515047686306048,1,0.000248015873015873,0
0,0.38527314906547216,2,0.000496031746031746,0
0,0.09540017634932024,6,0.001488095238095238,0
1,0.0651391251305798,2,0.000496031746031746,0
0,0.016502279810933853,7,0.001736111111111111,0
0,0.0,6,0.001488095238095238,0
0,0.0,2,0.000496031746031746,0
0,0.03573045419366339,7,0.001736111111111111,0
0,0.0,7,0.001736111111111111,0
0,0.0,8,0.001984126984126984,0
0,0.05495763450626673,5,0.001240079365079365,0
0,0.0,1,0.000248015873015873,0
0,0.23890359573924624,2,0.000496031746031746,0
0,0.18434137583205334,5,0.001240079365079365,0
0,0.0015143278259864288,6,0.001488095238095238,0
0,0.04420740168667314,2,0.000496031746031746,0
0,0.0,5,0.001240079365079365,0
0,0.0,7,0.001736111111111111,0
0,0.0,3,0.000744047619047619,0
0,0.16613017306081543,8,0.001984126984126984,0
0,0.03177670324371186,1,0.000248015873015873,0
0,0.0,5,0.001240079365079365,0
0,0.03772962654604092,3,0.000744047619047619,0
0,0.165135098647949,2,0.000496031746031746,0
0,0.0,5,0.001240079365079365,0
0,0.0,4,0.000992063492063492,0
0,0.0,3,0.000744047619047619,0
0,0.18720056804723043,6,0.001488095238095238,0
0,0.0,3,0.000744047619047619,0
0,0.0,1,0.000248015873015873,0
0,0.15430676518590838,6,0.001488095238095238,0
0,0.13232638071512368,8,0.001984126984126984,0
0,0.005850890230684417,1,0.000248015873015873,0
1,0.23479969284503227,2,0.000496031746031746,0
0,0.019905969557347004,6,0.001488095238095238,0
0,0.0,5,0.001240079365079365,0
0,0.011351734525124805,4,0.000992063492063492,0
0,0.06621306745210467,1,0.000248015873015873,0
0,0.21330333746562669,4,0.000992063492063492,0
1,0.0,2,0.000496031746031746,0
2,0.0,2,0.000496031746031746,0
0,0.020759826128571992,8,0.001984126984126984,0
1,0.0,2,0.000496031746031746,0
0,0.08496020970210247,3,0.000744047619047619,0
0,0.08995998754332507,3,0.000744047619047619,0
0,0.030729952087660935,8,0.001984126984126984,0
0,0.0,5,0.001240079365079365,0
0,0.0,9,0.002232142857142857,0
0,0.0,7,0.001736111111111111,0
0,0.0117327383308782,4,0.000992063492063492,0
0,0.054709738117003796,9,0.002232142857142857,0
1,0.0,4,0.000992063492063492,0
0,0.0,5,0.001240079365079365,0
1,0.026162305597246638,7,0.001736111111111111,0
1,0.0,6,0.001488095238095238,0
0,0.0853974711067856,8,0.001984126984126984,0
1,0.032416635248844215,9,0.002232142857142857,0
1,0.0,8,0.001984126984126984,0
0,0.0,2,0.000496031746031746,0
0,0.0,4,0.000992063492063492,0
0,0.07706783295231112,4,0.000992063492063492,0
0,0.06670561034697914,2,0.000496031746031746,0
0,0.0,6,0.001488095238095238,0
0,0.0,1,0.000248015873015873,0
0,0.0,9,0.002232142857142857,0
0,0.08038130513762586,4,0.000992063492063492,0
0,0.06138413414754245,4,0.000992063492063492,0
0,0.13578807880999882,1,0.000248015873015873,0
0,0.0,2,0.000496031746031746,0
1,0.020382272752746712,1,0.000248015873015873,0
0,0.0,4,0.000992063492063492,0
0,0.0,2,0.000496031746031746,0
2,0.0,1,0.000248015873015873,0
0,0.0,6,0.001488095238095238,0
0,0.08576596232020195,2,0.000496031746031746,0
0,0.0,9,0.002232142857142857,0
0,0.0,4,0.000992063492063492,0
0,0.0,5,0.001240079365079365,0
0,0.03227185603380895,8,0.001984126984126984,0
0,0.0,4,0.000992063492063492,0
0,0.0,9,0.002232142857142857,0
0,0.04017117220989415,3,0.000744047619047619,0
1,0.006965266451887907,8,0.001984126984126984,0
1,0.09835043063584652,4,0.000992063492063492,0
0,0.0024510174258942715,8,0.001984126984126984,0
0,0.049799829124544975,7,0.001736111111111111,0
0,0.21531824575115566,1,0.000248015873015873,0
0,0.0,6,0.001488095238095238,0
1,0.0,4,0.000992063492063492,0
0,0.09763091264811027,3,0.000744047619047619,0
0,0.0,4,0.000992063492063492,0
0,0.0,4,0.000992063492063492,0
0,0.0,4,0.000992063492063492,0
0,0.036247645880530206,6,0.001488095238095238,0
0,0.07419630165294652,1,0.000248015873015873,0
0,0.1476658625429629,6,0.001488095238095238,0
1,0.1179440120721287,6,0.001488095238095238,0
1,0.0,6,0.001488095238095238,0
0,0.034092219855895355,1,0.000248015873015873,0
1,0.0,1,0.000248015873015873,0
0,0.0,4,0.000992063492063492,0
0,0.0,6,0.001488095238095238,0
1,0.15162333229338965,3,0.000744047619047619,0
1,0.031245848109794746,1,0.000248015873015873,0
0,0.0,2,0.000496031746031746,0
1,0.0,2,0.000496031746031746,0
0,0.1060446814110468,2,0.000496031746031746,0
0,0.15413709969181827,5,0.001240079365079365,0
0,0.024233368608311257,4,0.000992063492063492,0
0,0.20473989211302382,2,0.000496031746031746,0
0,0.01699729029073083,4,0.000992063492063492,0
0,0.1153245186428456,2,0.000496031746031746,0
1,0.06453759495851476,3,0.000744047619047619,0
0,0.13686315575323488,4,0.000992063492063492,0
0,0.10584244868495879,2,0.000496031746031746,0
0,0.0,1,0.000248015873015873,0
0,0.0,4,0.000992063492063492,0
0,0.07175422557959624,5,0.001240079365079365,0
0,0.1628615545571292,1,0.000248015873015873,0
2,0.0,1,0.000248015873015873,0
1,0.0,6,0.001488095238095238,0
1,0.0,5,0.001240079365079365,0
0,0.0,1,0.000248015873015873,0
0,0.06696725488300385,1,0.000248015873015873,0
0,0.03665982460968483,2,0.000496031746031746,0
0,0.0,2,0.000496031746031746,0
0,0.0,8,0.001984126984126984,0
0,0.09551423205012383,4,0.000992063492063492,0
0,0.0,7,0.001736111111111111,0
0,0.0,1,0.000248015873015873,0
0,0.0,3,0.000744047619047619,0
0,0.0,7,0.001736111111111111,0
0,0.19647251329163895,1,0.000248015873015873,0
0,0.0035263551971728615,7,0.001736111111111111,0
0,0.0,5,0.001240079365079365,0
1,0.021397991073422204,8,0.001984126984126984,0
0,0.085135426460051,5,0.001240079365079365,0
0,0.0,7,0.001736111111111111,0
0,0.0,8,0.001984126984126984,0
0,0.0,3,0.000744047619047619,0
0,0.0,4,0.000992063492063492,0
0,0.0,5,0.001240079365079365,0
0,0.08514020923788287,4,0.000992063492063492,0
1,0.0,1,0.000248015873015873,0
0,0.0,1,0.000248015873015873,0
0,0.0,6,0.001488095238095238,0
0,0.0,1,0.000248015873015873,0
0,0.0,1,0.000248015873015873,0
0,0.0,8,0.001984126984126984,0
0,0.0,3,0.000744047619047619,0
1,0.10553309965464147,1,0.000248015873015873,0
0,0.06536342613353238,2,0.000496031746031746,0
0,0.23743294034923884,3,0.000744047619047619,0
0,0.10145326926872977,2,0.000496031746031746,0
0,0.0,2,0.000496031746031746,0
0,0.0,4,0.000992063492063492,0
0,0.0,7,0.001736111111111111,0
1,0.0941284578060475,2,0.000496031746031746,0
0,0.0,4,0.000992063492063492,0
0,0.0,1,0.000248015873015873,0
0,0.004852162794482699,2,0.000496031746031746,0
0,0.0,7,0.001736111111111111,0
1,0.03902532689831422,6,0.001488095238095238,0
1,0.0,5,0.001240079365079365,0
0,0.05009171876243808,4,0.000992063492063492,0
1,0.0,6,0.001488095238095238,0
0,0.09330121403883498,4,0.000992063492063492,0
0,0.0,2,0.000496031746031746,0
0,0.02797573497867091,6,0.001488095238095238,0
0,0.0,6,0.001488095238095238,0
0,0.0,3,0.000744047619047619,0
0,0.07977363145786347,4,0.000992063492063492,0
0,0.2783777423489051,3,0.000744047619047619,0
0,0.0,1,0.000248015873015873,0
0,0.0,1,0.000248015873015873,0
0,0.07602510946353604,4,0.000992063492063492,0
0,0.0,5,0.001240079365079365,0
0,0.24338480784024163,5,0.001240079365079365,0
0,0.01697292843903737,1,0.000248015873015873,0
0,0.008939391914564943,1,0.000248015873015873,0
0,0.04880440793787494,5,0.001240079365079365,0
1,0.15801340950752019,2,0.000496031746031746,0
0,0.0,5,0.001240079365079365,0
0,0.0,3,0.000744047619047619,0
0,0.028977485689641293,2,0.000496031746031746,0
0,0.2075400798645439,3,0.000744047619047619,0
1,0.0,1,0.000248015873015873,0
0,0.13010524331622997,2,0.000496031746031746,0
0,0.10515930406716663,3,0.000744047619047619,0
0,0.0,3,0.000744047619047619,0
0,0.0,2,0.000496031746031746,0
0,0.0823104975745007,4,0.000992063492063492,0
1,0.0,5,0.001240079365079365,0
0,0.11437540432069292,6,0.001488095238095238,0
0,0.06327818661062849,3,0.000744047619047619,0
1,0.2270692857804396,5,0.001240079365079365,0
0,0.0,6,0.001488095238095238,0
0,0.0,5,0.001240079365079365,0
0,0.15097713124596235,1,0.000248015873015873,0
1,0.040203448004692215,6,0.001488095238095238,0
1,0.1286974963849594,5,0.001240079365079365,0
0,0.0,3,0.000744047619047619,0
0,0.09638503187153617,6,0.001488095238095238,0
0,0.09735574475201242,1,0.000248015873015873,0
0,0.0,2,0.000496031746031746,0
0,0.028096432091819924,3,0.000744047619047619,0
0,0.017059420358086327,5,0.001240079365079365,0
0,0.0835565398349904,2,0.000496031746031746,0
0,0.01805308418054314,3,0.000744047619047619,0
0,0.26435715833985507,3,0.000744047619047619,0
0,0.1782163618536079,5,0.001240079365079365,0
1,0.059027461906178816,2,0.000496031746031746,0
0,0.18820244964750338,3,0.000744047619047619,0
0,0.13454200461549778,2,0.000496031746031746,0
0,0.0,3,0.000744047619047619,0
2,0.0,5,0.001240079365079365,0
1,0.25386911017374864,4,0.000992063492063492,0
0,0.052395266710779376,3,0.000744047619047619,0
0,0.10709964672052551,1,0.000248015873015873,0
0,0.0,1,0.000248015873015873,0
0,0.08522464890302682,4,0.000992063492063492,0
1,0.0,3,0.000744047619047619,0
0,0.0,1,0.000248015873015873,0
0,0.1669021525289393,1,0.000248015873015873,0
0,0.0,3,0.000744047619047619,0
0,0.0,2,0.000496031746031746,0
0,0.0,3,0.000744047619047619,0
0,0.06962063648134184,2,0.000496031746031746,0
0,0.0,4,0.000992063492063492,0
0,0.0,5,0.001240079365079365,0
1,0.0,4,0.000992063492063492,0
0,0.014928656347247764,5,0.001240079365079365,0
0,0.0,1,0.000248015873015873,0
0,0.01550366235955187,1,0.000248015873015873,0
0,0.2569926839690334,1,0.000248015873015873,0
0,0.0,2,0.000496031746031746,0
0,0.1388582269040288,5,0.001240079365079365,0
0,0.0,1,0.000248015873015873,0
0,0.0,3,0.000744047619047619,0
0,0.020370179813884958,5,0.001240079365079365,0
1,0.0,5,0.001240079365079365,0
0,0.0,2,0.000496031746031746,0
0,0.09356783931474612,4,0.000992063492063492,0
0,0.12715550949941587,2,0.000496031746031746,0
0,0.07216720640432352,1,0.000248015873015873,0
0,0.0,3,0.000744047619047619,0
0,0.0,3,0.000744047619047619,0
0,0.04893745612279181,2,0.000496031746031746,0
0,0.0,6,0.001488095238095238,0
0,0.0,2,0.000496031746031746,0
1,0.16463972426799733,6,0.001488095238095238,0
0,0.0,1,0.000248015873015873,0
0,0.0,3,0.000744047619047619,0
1,0.1764686934262719,7,0.001736111111111111,0
0,0.0,5,0.001240079365079365,0
0,0.0,7,0.001736111111111111,0
0,0.0,4,0.000992063492063492,0
0,0.1754794181984365,5,0.001240079365079365,0
0,0.02110174672026184,6,0.001488095238095238,0
0,0.0,2,0.000496031746031746,0
0,0.0,2,0.000496031746031746,0
1,0.11033018820165215,7,0.001736111111111111,0
0,0.21552395384330733,2,0.000496031746031746,0
0,0.06722572844137722,7,0.001736111111111111,0
0,0.0,7,0.001736111111111111,0
0,0.010081742225405218,2,0.000496031746031746,0
0,0.0,4,0.000992063492063492,0
0,0.05518636553095008,1,0.000248015873015873,0
0,0.0,2,0.000496031746031746,0
0,0.05269374126317904,6,0.001488095238095238,0
0,0.1620533445165877,3,0.000744047619047619,0
0,0.1570494635261139,7,0.001736111111111111,0
0,0.0,4,0.000992063492063492,0
0,0.08065932479136867,7,0.001736111111111111,0
0,0.0,6,0.001488095238095238,0
0,0.019855836289629183,7,0.001736111111111111,0
0,0.0,6,0.001488095238095238,0
0,0.0,7,0.001736111111111111,0
0,0.05739669592016755,2,0.000496031746031746,0
0,0.0,3,0.000744047619047619,0
0,0.009532080694771912,2,0.000496031746031746,0
0,0.017903679654896514,7,0.001736111111111111,0
0,0.06075668643313586,6,0.001488095238095238,0
0,0.0,1,0.000248015873015873,0
0,0.0,4,0.000992063492063492,0
0,0.09871222001287103,7,0.001736111111111111,0
0,0.01798454187280591,2,0.000496031746031746,0
0,0.0,2,0.000496031746031746,0
0,0.0,4,0.000992063492063492,0
1,0.0,3,0.000744047619047619,0
0,0.062180996221719645,3,0.000744047619047619,0
0,0.0,2,0.000496031746031746,0
0,0.0,2,0.000496031746031746,0
0,0.0620672097550678,1,0.000248015873015873,0
0,0.03801978510059632,2,0.000496031746031746,0
0,0.061058574528382314,4,0.000992063492063492,0
0,0.08339221545489041,3,0.000744047619047619,0
0,0.04591800792284367,3,0.000744047619047619,0
0,0.04296182191325859,1,0.000248015873015873,0
0,0.020768768716311115,3,0.000744047619047619,0
0,0.0,3,0.000744047619047619,0
2,0.10531528533329036,5,0.001240079365079365,0
1,0.09382838059759978,4,0.000992063492063492,0
0,0.0,5,0.001240079365079365,0
0,0.0,3,0.000744047619047619,0
0,0.0,1,0.000248015873015873,0
0,0.12557561255735208,1,0.000248015873015873,0
0,0.0,3,0.000744047619047619,0
0,0.1446977884353733,2,0.000496031746031746,0
0,0.019655477651157466,5,0.001240079365079365,0
0,0.026705026586925886,3,0.000744047619047619,0
0,0.08896307956234371,1,0.000248015873015873,0
0,0.00822839892754242,1,0.000248015873015873,0
1,0.10654803750653513,5,0.001240079365079365,0
1,0.0,4,0.000992063492063492,0
0,0.140934744018558,3,0.000744047619047619,0
0,0.0,3,0.000744047619047619,0
0,0.1453384477117701,4,0.000992063492063492,0
0,0.0,5,0.001240079365079365,0
0,0.0,5,0.001240079365079365,0
0,0.0,1,0.000248015873015873,0
0,0.0,4,0.000992063492063492,0
0,0.0,5,0.001240079365079365,0
0,0.023421473253652077,2,0.000496031746031746,0
0,0.09843223984765838,3,0.000744047619047619,0
1,0.0,1,0.000248015873015873,0
0,0.1167102914383636,1,0.000248015873015873,0
0,0.16211085577877155,9,0.002232142857142857,0
0,0.0,9,0.002232142857142857,0
0,0.0,4,0.000992063492063492,0
0,0.0,6,0.001488095238095238,0
2,0.0,7,0.001736111111111111,0
1,0.1420504247989855,2,0.000496031746031746,0
0,0.0,6,0.001488095238095238,0
0,0.0,10,0.00248015873015873,0
0,0.06329318177555109,6,0.001488095238095238,0
0,0.15475052013300616,2,0.000496031746031746,0
0,0.17958776730955217,5,0.001240079365079365,0
1,0.05434991027893419,9,0.002232142857142857,0
0,0.1083609653905471,5,0.001240079365079365,0
0,0.0,7,0.001736111111111111,0
0,0.0,6,0.001488095238095238,0
0,0.0,7,0.001736111111111111,0
0,0.0,5,0.001240079365079365,0
0,0.0,9,0.002232142857142857,0
0,0.0,3,0.000744047619047619,0
1,0.06818914896263115,4,0.000992063492063492,0
0,0.18467073257360336,7,0.001736111111111111,0
1,0.09329966426505681,7,0.001736111111111111,0
1,0.04216849239122599,3,0.000744047619047619,0
1,0.10085208247785818,10,0.00248015873015873,0
0,0.15316888012409152,10,0.00248015873015873,0
0,0.0,5,0.001240079365079365,0
0,0.0,7,0.001736111111111111,0
0,0.04182525547860004,9,0.002232142857142857,0
0,0.040041202923843694,1,0.000248015873015873,0
0,0.08177526958760499,5,0.001240079365079365,0
1,0.0,5,0.001240079365079365,0
0,0.06454841811410754,4,0.000992063492063492,0
0,0.21632547233054603,7,0.001736111111111111,0
0,0.024938368371075527,10,0.00248015873015873,0
1,0.15774532797634744,10,0.00248015873015873,0
0,0.017554582989050802,6,0.001488095238095238,0
0,0.04085123483774262,8,0.001984126984126984,0
0,0.0,8,0.001984126984126984,0
0,0.017463926936782802,8,0.001984126984126984,0
0,0.0,9,0.002232142857142857,0
3,0.012780269736678269,8,0.001984126984126984,0
0,0.15655240292343406,3,0.000744047619047619,0
0,0.0,2,0.000496031746031746,0
0,0.0,5,0.001240079365079365,0
0,0.0,9,0.002232142857142857,0
0,0.0,10,0.00248015873015873,0
0,0.07083564472993534,6,0.001488095238095238,0
0,0.0,2,0.000496031746031746,0
1,0.08724573282801447,4,0.000992063492063492,0
0,0.0,5,0.001240079365079365,0
0,0.0633267502303576,4,0.000992063492063492,0
0,0.08978885387603419,4,0.000992063492063492,0
0,0.0,3,0.000744047619047619,0
0,0.007420621380015535,1,0.000248015873015873,0
0,0.0,1,0.000248015873015873,0
1,0.03427253463777041,4,0.000992063492063492,0
0,0.045675321915378396,8,0.001984126984126984,0
1,0.0,10,0.00248015873015873,0
0,0.032324576290897945,2,0.000496031746031746,0
1,0.0,8,0.001984126984126984,0
0,0.1440117215449473,7,0.001736111111111111,0
0,0.0,10,0.00248015873015873,0
0,0.18009404329108158,4,0.000992063492063492,0
0,0.012810441491078928,7,0.001736111111111111,0
0,0.0,8,0.001984126984126984,0
0,0.0,7,0.001736111111111111,0
0,0.0,4,0.000992063492063492,0
0,0.0,3,0.000744047619047619,0
0,0.0,1,0.000248015873015873,0
0,0.07858001586508323,2,0.000496031746031746,0
0,0.04254575617849648,7,0.001736111111111111,0
0,0.0,4,0.000992063492063492,0
0,0.0,3,0.000744047619047619,0
1,0.24020262818354562,9,0.002232142857142857,0
0,0.0,8,0.001984126984126984,0
0,0.0,1,0.000248015873015873,0
0,0.003766023316793774,9,0.002232142857142857,0
0,0.0,4,0.000992063492063492,0
0,0.0,2,0.000496031746031746,0
0,0.09888827373090182,8,0.001984126984126984,0
0,0.06233098066546038,6,0.001488095238095238,0
0,0.027551056234825313,8,0.001984126984126984,0
0,0.0,7,0.001736111111111111,0
0,0.18119801241348715,8,0.001984126984126984,0
1,0.035792572869176864,3,0.000744047619047619,0
0,0.10495527153193351,8,0.001984126984126984,0
0,0.0,8,0.001984126984126984,0
1,0.0,5,0.001240079365079365,0
0,0.13172782267311858,4,0.000992063492063492,0
0,0.0,5,0.001240079365079365,0
0,0.02045493960907455,8,0.001984126984126984,0
0,0.0,4,0.000992063492063492,0
0,0.0,5,0.001240079365079365,0
0,0.2965010351720722,8,0.001984126984126984,0
0,0.0,2,0.000496031746031746,0
0,0.0,5,0.001240079365079365,0
0,0.056427738802673634,4,0.000992063492063492,0
0,0.10910461021646674,5,0.001240079365079365,0
0,0.0,6,0.001488095238095238,0
0,0.0,6,0.001488095238095238,0
0,0.0,2,0.000496031746031746,0
1,0.022445181855997205,3,0.000744047619047619,0
0,0.10470983026121546,3,0.000744047619047619,0
0,0.10786808334312957,4,0.000992063492063492,0
1,0.0,7,0.001736111111111111,0
0,0.08004982417659726,3,0.000744047619047619,0
0,0.017927460442668408,4,0.000992063492063492,0
0,0.13768034928789294,2,0.000496031746031746,0
0,0.07770160957572891,7,0.001736111111111111,0
0,0.032380012760594525,7,0.001736111111111111,0
0,0.0,6,0.001488095238095238,0
0,0.0,8,0.001984126984126984,0
0,0.10624015098751201,7,0.001736111111111111,0
0,0.0,1,0.000248015873015873,0
0,0.03192233421955466,4,0.000992063492063492,0
1,0.0,7,0.001736111111111111,0
0,0.11608267873785194,7,0.001736111111111111,0
0,0.0,1,0.000248015873015873,0
0,0.04770408272231215,7,0.001736111111111111,0
0,0.007682189106025536,6,0.001488095238095238,0
0,0.0,5,0.001240079365079365,0
1,0.06489242105069956,7,0.001736111111111111,0
0,0.0,7,0.001736111111111111,0
0,0.08470790099850345,4,0.000992063492063492,0
0,0.12225009148868804,8,0.001984126984126984,0
1,0.10302834540318423,4,0.000992063492063492,0
0,0.023878915902651354,5,0.001240079365079365,0
0,0.0,7,0.001736111111111111,0
0,0.0,8,0.001984126984126984,0
1,0.0,1,0.000248015873015873,0
1,0.0,7,0.001736111111111111,0
0,0.09163276747024815,6,0.001488095238095238,0
0,0.03464884758979927,7,0.001736111111111111,0
0,0.20883747047807277,3,0.000744047619047619,0
0,0.0,8,0.001984126984126984,0
0,0.11081828167375166,3,0.000744047619047619,0
0,0.0,1,0.000248015873015873,0
0,0.0,7,0.001736111111111111,0
1,0.19140313538667864,1,0.000248015873015873,0
0,0.0,2,0.000496031746031746,0
0,0.20034072671821046,7,0.001736111111111111,0
1,0.11055259329579839,3,0.000744047619047619,0
0,0.11870303055603802,8,0.001984126984126984,0
0,0.16334315323010962,3,0.000744047619047619,0
0,0.0,1,0.000248015873015873,0
0,0.0,5,0.001240079365079365,0
1,0.032876241030348044,7,0.001736111111111111,0
0,0.05644029878932662,6,0.001488095238095238,0
0,0.035555062967435276,4,0.000992063492063492,0
0,0.1046920127650012,8,0.001984126984126984,0
0,0.056995030534138236,6,0.001488095238095238,0
0,0.1289756528375374,6,0.001488095238095238,0
0,0.0,7,0.001736111111111111,0
0,0.0,5,0.001240079365079365,0
0,0.0,7,0.001736111111111111,0
0,0.0,5,0.001240079365079365,0
0,0.0,2,0.000496031746031746,0
0,0.01696937923520195,8,0.001984126984126984,0
0,0.0,1,0.000248015873015873,0
0,0.0,1,0.000248015873015873,0
1,0.0,6,0.001488095238095238,0
0,0.0,4,0.000992063492063492,0
0,0.0,2,0.000496031746031746,0
0,0.13842728185105183,1,0.000248015873015873,0
0,0.056390912005235966,1,0.000248015873015873,0
0,0.07589285897867652,4,0.000992063492063492,0
0,0.02811914239693758,4,0.000992063492063492,0
1,0.0,1,0.000248015873015873,0
0,0.05530732764404796,10,0.00248015873015873,0
0,0.0,3,0.000744047619047619,0
0,0.0,4,0.000992063492063492,0
0,0.0,3,0.000744047619047619,0
0,0.03968386658488053,8,0.001984126984126984,0
0,0.0,2,0.000496031746031746,0
0,0.0,10,0.00248015873015873,0
0,0.0,4,0.000992063492063492,0
0,0.055103730224253744,8,0.001984126984126984,0
0,0.01604762069988457,5,0.001240079365079365,0
0,0.0,6,0.001488095238095238,0
1,0.022391413406466144,3,0.000744047619047619,0
0,0.13641404299738444,10,0.00248015873015873,0
0,0.012229750303228377,10,0.00248015873015873,0
1,0.05432980290363879,2,0.000496031746031746,0
0,0.04996371011259573,3,0.000744047619047619,0
0,0.0,5,0.001240079365079365,0
1,0.0,2,0.000496031746031746,0
0,0.0,10,0.00248015873015873,0
0,0.0,1,0.000248015873015873,0
0,0.12477420726737339,5,0.001240079365079365,0
0,0.0,10,0.00248015873015873,0
0,0.21451491277733883,7,0.001736111111111111,0
0,0.06337768809320986,7,0.001736111111111111,0
0,0.04137990974514982,4,0.000992063492063492,0
0,0.0043811471979109595,2,0.000496031746031746,0
0,0.0,10,0.00248015873015873,0
0,0.0,4,0.000992063492063492,0
0,0.0,2,0.000496031746031746,0
0,0.0,5,0.001240079365079365,0
0,0.16391168054440675,10,0.00248015873015873,0
0,0.05689830791852754,1,0.000248015873015873,0
0,0.16283966231285382,3,0.000744047619047619,0
0,0.0,5,0.001240079365079365,0
0,0.0,4,0.000992063492063492,0
0,0.0034083468259226072,3,0.000744047619047619,0
0,0.0,1,0.000248015873015873,0
0,0.023378591179074773,5,0.001240079365079365,0
1,0.0,3,0.000744047619047619,0
0,0.0,1,0.000248015873015873,0
0,0.0,4,0.000992063492063492,0
1,0.16725723868377035,4,0.000992063492063492,0
0,0.04190190093660452,1,0.000248015873015873,0
0,0.055832691252172245,4,0.000992063492063492,0
0,0.007600539141241151,3,0.000744047619047619,0
0,0.0169360824036078,4,0.000992063492063492,0
0,0.0,2,0.000496031746031746,0
0,0.0,4,0.000992063492063492,0
0,0.12360931752104375,2,0.000496031746031746,0
0,0.0,5,0.001240079365079365,0
2,0.0,3,0.000744047619047619,0
1,0.0,5,0.001240079365079365,0
0,0.02253427536890673,5,0.001240079365079365,0
0,0.050373604621242574,4,0.000992063492063492,0
0,0.05823959599840627,4,0.000992063492063492,0
0,0.0,4,0.000992063492063492,0
0,0.0,5,0.001240079365079365,0
0,0.008718640420643022,3,0.000744047619047619,0
0,0.07080891218566765,3,0.000744047619047619,0
0,0.21557431632067903,2,0.000496031746031746,0
0,0.0,1,0.000248015873015873,0
1,0.008182935854756502,3,0.000744047619047619,0
0,0.0,4,0.000992063492063492,0
1,0.05684410062561545,2,0.000496031746031746,0
0,0.05995941132814939,4,0.000992063492063492,0
0,0.0,5,0.001240079365079365,0
0,0.0,5,0.001240079365079365,0
0,0.00505358155940061,4,0.000992063492063492,0
1,0.017049723504043077,3,0.000744047619047619,0
1,0.24648776358576835,1,0.000248015873015873,0
0,0.0,4,0.000992063492063492,0
0,0.0,4,0.000992063492063492,0
0,0.006395678691093299,2,0.000496031746031746,0
0,0.050775767031150026,3,0.000744047619047619,0
0,0.005398841844579296,7,0.001736111111111111,0
0,0.0,3,0.000744047619047619,0
0,0.0293269314133503,3,0.000744047619047619,0
0,0.05401127116831267,3,0.000744047619047619,0
0,0.0,5,0.001240079365079365,0
0,0.0,6,0.001488095238095238,0
1,0.0,3,0.000744047619047619,0
0,0.0,5,0.001240079365079365,0
0,0.0,1,0.000248015873015873,0
0,0.01605739810498646,5,0.001240079365079365,0
0,0.000304602015341447,2,0.000496031746031746,0
0,0.09495541354413238,1,0.000248015873015873,0
0,0.0,2,0.000496031746031746,0
0,0.0,6,0.001488095238095238,0
0,0.0,4,0.000992063492063492,0
0,0.054146272820478805,4,0.000992063492063492,0
0,0.0759155160302647,5,0.001240079365079365,0
0,0.0,7,0.001736111111111111,0
0,0.0,2,0.000496031746031746,0
0,0.0,6,0.001488095238095238,0
0,0.03918040054025465,4,0.000992063492063492,0
0,0.0,6,0.001488095238095238,0
0,0.05792914996010884,6,0.001488095238095238,0
0,0.11965715016644914,4,0.000992063492063492,0
0,0.0,4,0.000992063492063492,0
0,0.0,7,0.001736111111111111,0
0,0.0,1,0.000248015873015873,0
0,0.0,1,0.000248015873015873,0
0,0.0,3,0.000744047619047619,0
0,0.0,2,0.000496031746031746,0
0,0.10399046873960766,4,0.000992063492063492,0
0,0.06779258713392691,6,0.001488095238095238,0
0,0.0,2,0.000496031746031746,0
1,0.1410568005005159,3,0.000744047619047619,0
1,0.12144791339073469,6,0.001488095238095238,0
0,0.0032004149065766626,5,0.001240079365079365,0
0,0.0,3,0.000744047619047619,0
0,0.20133872475266232,6,0.001488095238095238,0
0,0.013653533108273745,7,0.001736111111111111,0
0,0.0,6,0.001488095238095238,0
0,0.018468030586490842,6,0.001488095238095238,0
0,0.0,8,0.001984126984126984,0
0,0.0,5,0.001240079365079365,0
0,0.0,5,0.001240079365079365,0
0,0.05366527525272862,5,0.001240079365079365,0
0,0.1185704154662997,4,0.000992063492063492,0
0,0.07189533106650668,2,0.000496031746031746,0
0,0.09960476858058165,4,0.000992063492063492,0
0,0.0,6,0.001488095238095238,0
0,0.0,2,0.000496031746031746,0
0,0.0,3,0.000744047619047619,0
0,0.04558877720816076,4,0.000992063492063492,0
0,0.2165002344901084,4,0.000992063492063492,0
1,0.14556186900811166,8,0.001984126984126984,0
0,0.17992715750189994,5,0.001240079365079365,0
0,0.0,5,0.001240079365079365,0
0,0.0359209400457841,2,0.000496031746031746,0
1,0.0,4,0.000992063492063492,0
0,0.0,5,0.001240079365079365,0
0,0.0,4,0.000992063492063492,0
1,0.0,6,0.001488095238095238,0
0,0.03041261706698093,3,0.000744047619047619,0
1,0.02658984798138483,5,0.001240079365079365,0
0,0.0,1,0.000248015873015873,0
1,0.16073455760199928,3,0.000744047619047619,0
0,0.0,5,0.001240079365079365,0
0,0.05029004049141359,1,0.000248015873015873,0
2,0.0,1,0.000248015873015873,0
0,0.0,5,0.001240079365079365,0
0,0.0030478850265664823,3,0.000744047619047619,0
1,0.0,8,0.001984126984126984,0
0,0.02407531794885683,2,0.000496031746031746,0
0,0.2601683114180395,1,0.000248015873015873,0
0,0.07533416211045325,5,0.001240079365079365,0
0,0.03811583848827778,8,0.001984126984126984,0
0,0.0,8,0.001984126984126984,0
0,0.0,8,0.001984126984126984,0
0,0.0,1,0.000248015873015873,0
0,0.0,3,0.000744047619047619,0
0,0.16699045043514063,7,0.001736111111111111,0
0,0.03946715298229811,4,0.000992063492063492,0
0,0.11966314866456512,1,0.000248015873015873,0
0,0.0,7,0.001736111111111111,0
0,0.0,1,0.000248015873015873,0
1,0.0648280433843859,4,0.000992063492063492,0
0,0.0,4,0.000992063492063492,0
2,0.0,1,0.000248015873015873,0
0,0.05890569474058676,5,0.001240079365079365,0
0,0.03387205028696354,6,0.001488095238095238,0
0,0.16810923149304877,6,0.001488095238095238,0
0,0.0,1,0.000248015873015873,0
0,0.1166548590977006,2,0.000496031746031746,0
0,0.0,2,0.000496031746031746,0
0,0.2214251523462276,7,0.001736111111111111,0
0,0.0,5,0.001240079365079365,0
0,0.18613155972363948,3,0.000744047619047619,0
0,0.18866146460894104,1,0.000248015873015873,0
0,0.0,2,0.000496031746031746,0
1,0.0827850095962418,1,0.000248015873015873,0
0,0.0,5,0.001240079365079365,0
0,0.0,7,0.001736111111111111,0
0,0.008840688629184737,4,0.000992063492063492,0
0,0.1477530081055262,5,0.001240079365079365,0
0,0.0,5,0.001240079365079365,0
0,0.0,7,0.001736111111111111,0
0,0.15134497432421312,5,0.001240079365079365,0
2,0.06308116845547776,2,0.000496031746031746,0
0,0.1221033695525353,7,0.001736111111111111,0
0,0.05820977034686158,5,0.001240079365079365,0
0,0.0,4,0.000992063492063492,0
0,0.10887486197041861,4,0.000992063492063492,0
0,0.0,4,0.000992063492063492,0
0,0.0,3,0.000744047619047619,0
0,0.014088624691120395,7,0.001736111111111111,0
0,0.0,5,0.001240079365079365,0
1,0.10329639471528058,4,0.000992063492063492,0
1,0.0,3,0.000744047619047619,0
0,0.0,1,0.000248015873015873,0
0,0.0,2,0.000496031746031746,0
0,0.0,4,0.000992063492063492,0
0,0.1772251596669744,4,0.000992063492063492,0
0,0.0,5,0.001240079365079365,0
0,0.04687742560750238,2,0.000496031746031746,0
0,0.07660802783846904,3,0.000744047619047619,0
1,0.12269332238843077,4,0.000992063492063492,0
0,0.0,3,0.000744047619047619,0
0,0.0,9,0.002232142857142857,0
1,0.09135846262332495,2,0.000496031746031746,0
0,0.0,3,0.000744047619047619,0
0,0.0,1,0.000248015873015873,0
0,0.0,7,0.001736111111111111,0
0,0.0,8,0.001984126984126984,0
0,0.08840453963610498,8,0.001984126984126984,0
1,0.024707737780630318,5,0.001240079365079365,0
0,0.008733105791540921,1,0.000248015873015873,0
1,0.0,4,0.000992063492063492,0
0,0.0,5,0.001240079365079365,0
1,0.0,5,0.001240079365079365,0
0,0.056705551738810304,8,0.001984126984126984,0
0,0.007999338055914339,2,0.000496031746031746,0
0,0.034790611632488554,4,0.000992063492063492,0
0,0.0,5,0.001240079365079365,0
0,0.0,4,0.000992063492063492,0
1,0.0,7,0.001736111111111111,0
1,0.006167984984797165,2,0.000496031746031746,0
0,0.03794820571655075,9,0.002232142857142857,0
0,0.18115048125935168,4,0.000992063492063492,0
0,0.0,3,0.000744047619047619,0
1,0.0,5,0.001240079365079365,0
0,0.0,3,0.000744047619047619,0
0,0.0,2,0.000496031746031746,0
0,0.0020793707675407897,1,0.000248015873015873,0
0,0.0,3,0.000744047619047619,0
0,0.0,5,0.001240079365079365,0
0,0.0,5,0.001240079365079365,0
0,0.012267031599479554,8,0.001984126984126984,0
0,0.16246784584695606,2,0.000496031746031746,0
1,0.0,5,0.001240079365079365,0
0,0.05114155009299537,7,0.001736111111111111,0
1,0.08831097771471591,5,0.001240079365079365,0
0,0.0,8,0.001984126984126984,0
0,0.029875290836568626,8,0.001984126984126984,0
1,0.0,2,0.000496031746031746,0
0,0.0,1,0.000248015873015873,0
0,0.020065180395568705,7,0.001736111111111111,0
0,0.1188145734706984,6,0.001488095238095238,0
0,0.05367436230124615,5,0.001240079365079365,0
1,0.04847328172944748,1,0.000248015873015873,0
0,0.0,2,0.000496031746031746,0
0,0.0,4,0.000992063492063492,0
0,0.0,1,0.000248015873015873,0
1,0.0,5,0.001240079365079365,0
0,0.0,1,0.000248015873015873,0
0,0.019152096386596484,3,0.000744047619047619,0
0,0.024123813765534807,8,0.001984126984126984,0
1,0.0,8,0.001984126984126984,0
1,0.04283070972076486,5,0.001240079365079365,0
0,0.003272449154070758,3,0.000744047619047619,0
0,0.0,7,0.001736111111111111,0
0,0.0,8,0.001984126984126984,0
1,0.059644233956067105,2,0.000496031746031746,0
0,0.0,8,0.001984126984126984,0
0,0.11398785611290455,6,0.001488095238095238,0
1,0.0,7,0.001736111111111111,0
1,0.0,6,0.001488095238095238,0
0,0.08406200265045531,6,0.001488095238095238,0
0,0.054673356820137936,2,0.000496031746031746,0
0,0.0,3,0.000744047619047619,0
0,0.0,6,0.001488095238095238,0
0,0.12171585208254965,7,0.001736111111111111,0
0,0.15213160519224514,8,0.001984126984126984,0
1,0.0037950436290445973,5,0.001240079365079365,0
0,0.013554459215862997,7,0.001736111111111111,0
0,0.11946741443280216,1,0.000248015873015873,0
0,0.0,8,0.001984126984126984,0
0,0.0,2,0.000496031746031746,0
1,0.05242646776431689,6,0.001488095238095238,0
0,0.012637957954641184,1,0.000248015873015873,0
0,0.19389289990582848,7,0.001736111111111111,0
0,0.0513907849658915,4,0.000992063492063492,0
1,0.017958178193959794,7,0.001736111111111111,0
0,0.0,5,0.001240079365079365,0
1,0.08342326657401611,7,0.001736111111111111,0
0,0.0,1,0.000248015873015873,0
0,0.0,6,0.001488095238095238,0
1,0.025293681426508008,7,0.001736111111111111,0
0,0.0,5,0.001240079365079365,0
0,0.0,4,0.000992063492063492,0
1,0.04216844682644445,4,0.000992063492063492,0
1,0.08886627535509602,1,0.000248015873015873,0
0,0.0,2,0.000496031746031746,0
1,0.03672873134013407,5,0.001240079365079365,0
0,0.18381836767951226,3,0.000744047619047619,0
0,0.0,5,0.001240079365079365,0
0,0.0,7,0.001736111111111111,0
0,0.0,4,0.000992063492063492,0
0,0.0,6,0.001488095238095238,0
0,0.09503075919735758,4,0.000992063492063492,0
1,0.17106133725819253,7,0.001736111111111111,0
0,0.07343046755614968,1,0.000248015873015873,0
0,0.0,2,0.000496031746031746,0
0,0.0,3,0.000744047619047619,0
1,0.003606339146962743,5,0.001240079365079365,0
0,0.09751976297824298,2,0.000496031746031746,0
1,0.050109416993984524,3,0.000744047619047619,0
0,0.0,4,0.000992063492063492,0
0,0.0,6,0.001488095238095238,0
0,0.08858031376017195,4,0.000992063492063492,0
0,0.02300095237628365,1,0.000248015873015873,0
0,0.12218005525188132,1,0.000248015873015873,0
0,0.1749581305272499,6,0.001488095238095238,0
0,0.0,5,0.001240079365079365,0
0,0.0030161572535124903,7,0.001736111111111111,0
0,0.04242342597118988,2,0.000496031746031746,0
0,0.01433391676062309,6,0.001488095238095238,0
0,0.22908839240787626,2,0.000496031746031746,0
0,0.010704238207871383,3,0.000744047619047619,0
0,0.0,9,0.002232142857142857,0
0,0.0,7,0.001736111111111111,0
0,0.0,2,0.000496031746031746,0
0,0.0,4,0.000992063492063492,0
0,0.0,2,0.000496031746031746,0
0,0.0,8,0.001984126984126984,0
0,0.10844795830730708,2,0.000496031746031746,0
0,0.0,3,0.000744047619047619,0
0,0.037735070276322974,8,0.001984126984126984,0
0,0.0,5,0.001240079365079365,0
0,0.0,9,0.002232142857142857,0
0,0.02686614266837726,5,0.001240079365079365,0
0,0.0,7,0.001736111111111111,0
0,0.10761463126400131,8,0.001984126984126984,0
1,0.0,8,0.001984126984126984,0
0,0.0,4,0.000992063492063492,0
0,0.026712665101148343,8,0.001984126984126984,0
0,0.05087250232299339,9,0.002232142857142857,0
0,0.0,3,0.000744047619047619,0
0,0.014679301198554937,7,0.001736111111111111,0
0,0.16122206282554244,4,0.000992063492063492,0
0,0.08968393158655319,9,0.002232142857142857,0
0,0.0,3,0.000744047619047619,0
0,0.0,2,0.000496031746031746,0
0,0.0,5,0.001240079365079365,0
0,0.007685188295876822,7,0.001736111111111111,0
0,0.016865467196672767,6,0.001488095238095238,0
0,0.04419406495694091,9,0.002232142857142857,0
0,0.0,5,0.001240079365079365,0
0,0.0018849622944847662,1,0.000248015873015873,0
1,0.03815385625893311,5,0.001240079365079365,0
0,0.06365963258218292,5,0.001240079365079365,0
1,0.0,8,0.001984126984126984,0
0,0.010855970577652314,3,0.000744047619047619,0
0,0.0,8,0.001984126984126984,0
0,0.0,9,0.002232142857142857,0
0,0.015985639199740036,8,0.001984126984126984,0
0,0.0,6,0.001488095238095238,0
0,0.09694572005267368,6,0.001488095238095238,0
0,0.04271943618716849,9,0.002232142857142857,0
0,0.0,8,0.001984126984126984,0
0,0.09191541736100016,6,0.001488095238095238,0
0,0.1392465300064329,4,0.000992063492063492,0
1,0.0,4,0.000992063492063492,0
1,0.0793488720552213,7,0.001736111111111111,0
0,0.0,4,0.000992063492063492,0
0,0.10325462043416574,7,0.001736111111111111,0
0,0.11267051368275834,1,0.000248015873015873,0
0,0.0,6,0.001488095238095238,0
1,0.0,8,0.001984126984126984,0
0,0.00495785204847066,7,0.001736111111111111,0
0,0.0,7,0.001736111111111111,0
0,0.0,3,0.000744047619047619,0
0,0.0,8,0.001984126984126984,0
0,0.0,1,0.000248015873015873,0
0,0.1272487446598739,3,0.000744047619047619,0
1,0.0,9,0.002232142857142857,0
0,0.04240610444640897,6,0.001488095238095238,0
0,0.05462842480036996,2,0.000496031746031746,0
0,0.0006422269810937817,8,0.001984126984126984,0
0,0.0,2,0.000496031746031746,0
0,0.0,9,0.002232142857142857,0
0,0.0,8,0.001984126984126984,0
0,0.1598647170504717,1,0.000248015873015873,0
1,0.0,3,0.000744047619047619,0
1,0.022898242506107808,7,0.001736111111111111,0
1,0.0,3,0.000744047619047619,0
0,0.0,2,0.000496031746031746,0
0,0.018330021210499314,8,0.001984126984126984,0
0,0.0,5,0.001240079365079365,0
0,0.0,6,0.001488095238095238,0
0,0.12277208771391784,7,0.001736111111111111,0
0,0.0,2,0.000496031746031746,0
1,0.0,6,0.001488095238095238,0
0,0.0,9,0.002232142857142857,0
0,0.023924686411114955,7,0.001736111111111111,0
0,0.0,6,0.001488095238095238,0
2,0.0,8,0.001984126984126984,0
0,0.0,9,0.002232142857142857,0
0,0.04966992232365217,1,0.000248015873015873,0
0,0.26443433470170347,4,0.000992063492063492,0
0,0.0,5,0.001240079365079365,0
2,0.10857863249393472,4,0.000992063492063492,0
0,0.009798315347089545,2,0.000496031746031746,0
0,0.026912694124510736,7,0.001736111111111111,0
0,0.0,2,0.000496031746031746,0
2,0.03771003939021865,2,0.000496031746031746,0
0,0.0,8,0.001984126984126984,0
1,0.0,3,0.000744047619047619,0
0,0.0,5,0.001240079365079365,0
0,0.02404712493302069,1,0.000248015873015873,0
0,0.0,1,0.000248015873015873,0
0,0.1193956259988278,6,0.001488095238095238,0
0,0.0,1,0.000248015873015873,0
0,0.11658060192083855,5,0.001240079365079365,0
1,0.0,6,0.001488095238095238,0
1,0.2333244404285301,6,0.001488095238095238,0
1,0.019228267439904113,7,0.001736111111111111,0
0,0.11241127199860135,3,0.000744047619047619,0
0,0.0947526462122858,4,0.000992063492063492,0
0,0.0,9,0.002232142857142857,0
0,0.0,7,0.001736111111111111,0
0,0.09531250453760867,3,0.000744047619047619,0
0,0.0513085420097293,3,0.000744047619047619,0
0,0.07250957868479972,3,0.000744047619047619,0
0,0.05161782871149584,2,0.000496031746031746,0
0,0.08004095252276823,7,0.001736111111111111,0
0,0.07542913298135744,4,0.000992063492063492,0
0,0.03514482075415829,8,0.001984126984126984,0
0,0.10701502383164274,3,0.000744047619047619,0
0,0.0,4,0.000992063492063492,0
0,0.0,8,0.001984126984126984,0
0,0.0,5,0.001240079365079365,0
0,0.0,8,0.001984126984126984,0
1,0.0030190787210155035,5,0.001240079365079365,0
0,0.06086074423567405,1,0.000248015873015873,0
0,0.1455021222763164,8,0.001984126984126984,0
0,0.0003084126825026962,5,0.001240079365079365,0
0,0.0,9,0.002232142857142857,0
0,0.0,3,0.000744047619047619,0
0,0.08729191867707868,3,0.000744047619047619,0
1,0.0,5,0.001240079365079365,0
1,0.0,3,0.000744047619047619,0
0,0.0,4,0.000992063492063492,0
1,0.1360658595838651,3,0.000744047619047619,0
0,0.0,4,0.000992063492063492,0
1,0.21874888293742065,3,0.000744047619047619,0
0,0.0,2,0.000496031746031746,0
0,0.0,4,0.000992063492063492,0
0,0.07821826079557602,4,0.000992063492063492,0
1,0.10602099074988798,1,0.000248015873015873,0
0,0.27596600389110776,2,0.000496031746031746,0
0,0.0,4,0.000992063492063492,0
0,0.0,5,0.001240079365079365,0
0,0.0,3,0.000744047619047619,0
0,0.0152354872033722,5,0.001240079365079365,0
0,2.0706491819709387e-05,3,0.000744047619047619,0
0,0.0,3,0.000744047619047619,0
0,0.0,1,0.000248015873015873,0
1,0.015519068385897915,4,0.000992063492063492,0
0,0.0,3,0.000744047619047619,0
0,0.11255877710403439,1,0.000248015873015873,0
0,0.07286847972169158,5,0.001240079365079365,0
0,0.0,1,0.000248015873015873,0
0,0.0,5,0.001240079365079365,0
1,0.09449716653887318,4,0.000992063492063492,0
1,0.0,3,0.000744047619047619,0
0,0.1981691806400029,2,0.000496031746031746,0
0,0.05222436812480098,5,0.001240079365079365,0
0,0.0,3,0.000744047619047619,0
1,0.008865759096143745,2,0.000496031746031746,0
0,0.019731570740559562,2,0.000496031746031746,0
0,0.061577114977114156,5,0.001240079365079365,0
0,0.12038844371688162,3,0.000744047619047619,0
0,5.279588565972928e-05,2,0.000496031746031746,0
0,0.06012067489291149,1,0.000248015873015873,0
0,0.0,1,0.000248015873015873,0
0,0.0,3,0.000744047619047619,0
0,0.0,4,0.000992063492063492,0
1,0.14524675344707455,1,0.000248015873015873,0
0,0.0,3,0.000744047619047619,0
1,0.210380609212741,2,0.000496031746031746,0
0,0.0,5,0.001240079365079365,0
0,0.08178896580250287,6,0.001488095238095238,0
0,0.0,7,0.001736111111111111,0
0,0.11254347844147694,3,0.000744047619047619,0
0,0.0,4,0.000992063492063492,0
1,0.0638391925608383,3,0.000744047619047619,0
0,0.0,9,0.002232142857142857,0
1,0.011901840605397472,6,0.001488095238095238,0
0,0.0,9,0.002232142857142857,0
0,0.0,9,0.002232142857142857,0
0,0.2412615421612916,5,0.001240079365079365,0
0,0.07846042878980239,3,0.000744047619047619,0
0,0.002246589281204638,5,0.001240079365079365,0
0,0.054711911517521,8,0.001984126984126984,0
0,0.0715381315441244,5,0.001240079365079365,0
0,0.07181857257079345,6,0.001488095238095238,0
1,0.0,2,0.000496031746031746,0
0,0.019223476419523097,8,0.001984126984126984,0
0,0.09808534491374753,2,0.000496031746031746,0
0,0.0,3,0.000744047619047619,0
0,0.09886691693580027,4,0.000992063492063492,0
2,0.0,7,0.001736111111111111,0
1,0.0,9,0.002232142857142857,0
0,0.14898634386020823,6,0.001488095238095238,0
0,0.0,2,0.000496031746031746,0
0,0.0,7,0.001736111111111111,0
0,0.002088648829596179,1,0.000248015873015873,0
1,0.02307009057186835,5,0.001240079365079365,0
0,0.0,9,0.002232142857142857,0
0,0.0,2,0.000496031746031746,0
0,0.039326922347022196,8,0.001984126984126984,0
0,0.14129947556268302,6,0.001488095238095238,0
0,0.0,5,0.001240079365079365,0
0,0.15781068079115143,7,0.001736111111111111,0
0,0.06385178605944855,6,0.001488095238095238,0
0,0.0,2,0.000496031746031746,0
0,0.03300650008126215,4,0.000992063492063492,0
0,0.061992633239580486,8,0.001984126984126984,0
0,0.0,5,0.001240079365079365,0
1,0.0,3,0.000744047619047619,0
0,0.20236062192296395,5,0.001240079365079365,0
0,0.0006799844559997769,2,0.000496031746031746,0
0,0.0,1,0.000248015873015873,0
0,0.13728484746765302,4,0.000992063492063492,0
0,0.0,3,0.000744047619047619,0
0,0.0,4,0.000992063492063492,0
2,0.0,1,0.000248015873015873,0
1,0.05885532697707198,2,0.000496031746031746,0
2,0.004796144598154671,1,0.000248015873015873,0
0,0.03318438632585156,1,0.000248015873015873,0
0,0.0,3,0.000744047619047619,0
0,0.015705458140944116,4,0.000992063492063492,0
1,0.04258872061930358,1,0.000248015873015873,0
0,0.001914777741575206,1,0.000248015873015873,0
0,0.1804348109786743,2,0.000496031746031746,0
0,0.0,5,0.001240079365079365,0
0,0.0,2,0.000496031746031746,0
0,0.04724062778803774,4,0.000992063492063492,0
0,0.0,4,0.000992063492063492,0
0,0.0,3,0.000744047619047619,0
0,0.0,5,0.001240079365079365,0
0,0.06045153263553668,4,0.000992063492063492,0
1,0.0,5,0.001240079365079365,0
0,0.0,2,0.000496031746031746,0
0,0.0,4,0.000992063492063492,0
0,0.033899368530924644,1,0.000248015873015873,0
0,0.0,4,0.000992063492063492,0
0,0.0,5,0.001240079365079365,0
2,0.11919588561171167,4,0.000992063492063492,0
0,0.0,3,0.000744047619047619,0
0,0.13787097462633507,1,0.000248015873015873,0
0,0.0,3,0.000744047619047619,0
0,0.0,2,0.000496031746031746,0
0,0.003257557740856184,4,0.000992063492063492,0
0,0.02139038682014817,4,0.000992063492063492,0
0,0.0,2,0.000496031746031746,0
1,0.19764405845154856,3,0.000744047619047619,0
0,0.0,1,0.000248015873015873,0
0,0.0,9,0.002232142857142857,0
2,0.0,6,0.001488095238095238,0
0,0.0,1,0.000248015873015873,0
0,0.15111549302473476,7,0.001736111111111111,0
0,0.0,5,0.001240079365079365,0
0,0.036363188262496786,4,0.000992063492063492,0
1,0.0011141563048757438,2,0.000496031746031746,0
0,0.07096412905058071,8,0.001984126984126984,0
0,0.0,2,0.000496031746031746,0
0,0.09577276536620097,4,0.000992063492063492,0
0,0.0,10,0.00248015873015873,0
1,0.04226550655016038,1,0.000248015873015873,0
0,0.0,1,0.000248015873015873,0
0,0.0,6,0.001488095238095238,0
0,0.0,4,0.000992063492063492,0
1,0.00341524174880246,3,0.000744047619047619,0
0,0.0,10,0.00248015873015873,0
0,0.0,4,0.000992063492063492,0
0,0.121737356975163,2,0.000496031746031746,0
1,0.0820555419006373,9,0.002232142857142857,0
0,0.11941094030473726,4,0.000992063492063492,0
0,0.0,10,0.00248015873015873,0
0,0.07833905092825955,4,0.000992063492063492,0
0,0.0,4,0.000992063492063492,0
1,0.14597318750379404,6,0.001488095238095238,0
0,0.0,3,0.000744047619047619,0
0,0.18021648084314457,10,0.00248015873015873,0
0,0.038310021207322034,1,0.000248015873015873,0
0,0.05684802252745983,5,0.001240079365079365,0
0,0.01053093208790869,3,0.000744047619047619,0
0,0.0,3,0.000744047619047619,0
0,0.07929348534931072,9,0.002232142857142857,0
0,0.0033327925665802005,5,0.001240079365079365,0
0,0.0,3,0.000744047619047619,0
0,0.10819420597408491,2,0.000496031746031746,0
0,0.09955324690830808,1,0.000248015873015873,0
1,0.06659242520544614,3,0.000744047619047619,0
0,0.04215866106144557,1,0.000248015873015873,0
0,0.0,6,0.001488095238095238,0
0,0.0,4,0.000992063492063492,0
2,0.04577728661518858,1,0.000248015873015873,0
1,0.16744924333475375,3,0.000744047619047619,0
0,0.04541831671898381,5,0.001240079365079365,0
0,0.0,1,0.000248015873015873,0
0,0.0,3,0.000744047619047619,0
0,0.04547951696423805,7,0.001736111111111111,0
0,0.019320742271419382,9,0.002232142857142857,0
1,0.13196444944772998,2,0.000496031746031746,0
0,0.06988284202025348,2,0.000496031746031746,0
0,0.04209729443893898,8,0.001984126984126984,0
0,0.0,8,0.001984126984126984,0
0,0.10971527117536957,6,0.001488095238095238,0
1,0.0,9,0.002232142857142857,0
1,0.0,2,0.000496031746031746,0
0,0.06835693232004776,8,0.001984126984126984,0
0,0.0,9,0.002232142857142857,0
1,0.0069746848841049,4,0.000992063492063492,0
0,0.0,1,0.000248015873015873,0
0,0.12497807014036066,9,0.002232142857142857,0
0,0.0,5,0.001240079365079365,0
0,0.0,8,0.001984126984126984,0
0,0.0,1,0.000248015873015873,0
0,0.18133439519827754,1,0.000248015873015873,0
0,0.0,8,0.001984126984126984,0
0,0.054105676349263776,7,0.001736111111111111,0
0,0.0,7,0.001736111111111111,0
0,0.0,2,0.000496031746031746,0
0,0.052096816557482876,8,0.001984126984126984,0
0,0.0,8,0.001984126984126984,0
0,0.0,2,0.000496031746031746,0
0,0.0,2,0.000496031746031746,0
1,0.0077473718737229875,6,0.001488095238095238,0
0,0.08901984111247868,3,0.000744047619047619,0
0,0.10352493347237526,2,0.000496031746031746,0
0,0.0,3,0.000744047619047619,0
0,0.0,5,0.001240079365079365,0
0,0.0,9,0.002232142857142857,0
0,0.0,6,0.001488095238095238,0
1,0.0,7,0.001736111111111111,0
0,0.01856925897410594,9,0.002232142857142857,0
0,0.1498582572011868,5,0.001240079365079365,0
0,0.12477568340762156,5,0.001240079365079365,0
0,0.11899113972411678,4,0.000992063492063492,0
0,0.10136757405438634,1,0.000248015873015873,0
0,0.0655601427549508,7,0.001736111111111111,0
2,0.0,6,0.001488095238095238,0
0,0.0,1,0.000248015873015873,0
0,0.027679344932528833,7,0.001736111111111111,0
0,0.0,6,0.001488095238095238,0
0,0.16953884584519632,6,0.001488095238095238,0
0,0.0,7,0.001736111111111111,0
1,0.0,5,0.001240079365079365,0
1,0.0,6,0.001488095238095238,0
0,0.0,7,0.001736111111111111,0
1,0.0,2,0.000496031746031746,0
0,0.0,4,0.000992063492063492,0
0,0.17495839042054206,4,0.000992063492063492,0
0,0.13814540786904866,2,0.000496031746031746,0
0,0.0,4,0.000992063492063492,0
0,0.026348721533105957,3,0.000744047619047619,0
1,0.0,7,0.001736111111111111,0
0,0.0,4,0.000992063492063492,0
0,0.17050141472070302,4,0.000992063492063492,0
0,0.0,4,0.000992063492063492,0
0,0.04078767823753215,6,0.001488095238095238,0
1,0.04525314363594847,1,0.000248015873015873,0
0,0.048224895268065726,3,0.000744047619047619,0
0,0.0,4,0.000992063492063492,0
0,0.0,3,0.000744047619047619,0
0,0.003793783544760203,6,0.001488095238095238,0
1,0.0,3,0.000744047619047619,0
0,0.02848686434904174,3,0.000744047619047619,0
1,0.0,2,0.000496031746031746,0
0,0.14532606633210343,6,0.001488095238095238,0
0,0.0,4,0.000992063492063492,0
0,0.17193779062072967,1,0.000248015873015873,0
0,0.0,1,0.000248015873015873,0
0,0.0859587886979802,7,0.001736111111111111,0
0,0.0025388420542410183,1,0.000248015873015873,0
0,0.0,1,0.000248015873015873,0
0,0.0,6,0.001488095238095238,0
0,0.1443632003468814,3,0.000744047619047619,0
0,0.0,1,0.000248015873015873,0
0,0.0,6,0.001488095238095238,0
0,0.07903718960517114,2,0.000496031746031746,0
0,0.03400512945688904,7,0.001736111111111111,0
0,0.0,6,0.001488095238095238,0
0,0.0,7,0.001736111111111111,0
0,0.29490944253087253,1,0.000248015873015873,0
0,0.12446795807367868,5,0.001240079365079365,0
0,0.04818660617184915,5,0.001240079365079365,0
0,0.0547264797377967,6,0.001488095238095238,0
2,0.008589300629333042,2,0.000496031746031746,0
2,0.0,4,0.000992063492063492,0
0,0.017521141890851206,3,0.000744047619047619,0
0,0.29852590026034104,8,0.001984126984126984,0
1,0.017481776880877768,4,0.000992063492063492,0
0,0.016465515535856897,2,0.000496031746031746,0
0,0.0,6,0.001488095238095238,0
0,0.03590201525559389,6,0.001488095238095238,0
0,0.0,2,0.000496031746031746,0
0,0.07438156985004582,5,0.001240079365079365,0
0,0.011210494682451708,4,0.000992063492063492,0
0,0.17446391732586816,7,0.001736111111111111,0
0,0.0,1,0.000248015873015873,0
0,0.04249661162475453,5,0.001240079365079365,0
0,0.010574947944435283,1,0.000248015873015873,0
0,0.0,3,0.000744047619047619,0
0,0.0,5,0.001240079365079365,0
0,0.0,5,0.001240079365079365,0
0,0.011255071500822863,6,0.001488095238095238,0
0,0.04450358641161897,6,0.001488095238095238,0
0,0.13417007629419928,1,0.000248015873015873,0
0,0.0,3,0.000744047619047619,0
0,4.454941875451166e-05,3,0.000744047619047619,0
0,0.0,7,0.001736111111111111,0
1,0.0,2,0.000496031746031746,0
0,0.008568716140335905,3,0.000744047619047619,0
0,0.0,1,0.000248015873015873,0
0,0.0,2,0.000496031746031746,0
0,0.08584511166566654,4,0.000992063492063492,0
0,0.0,7,0.001736111111111111,0
0,0.0,7,0.001736111111111111,0
0,0.0,8,0.001984126984126984,0
0,0.26207930910299754,6,0.001488095238095238,0
0,0.0,3,0.000744047619047619,0
0,0.02806364044901364,6,0.001488095238095238,0
1,0.17586204841951336,5,0.001240079365079365,0
1,0.10964692338108838,6,0.001488095238095238,0
0,0.0,10,0.00248015873015873,0
0,0.0,10,0.00248015873015873,0
0,0.0,2,0.000496031746031746,0
0,0.0,1,0.000248015873015873,0
0,0.005802273480839523,3,0.000744047619047619,0
1,0.049616490559793634,3,0.000744047619047619,0
0,0.004426797334911382,10,0.00248015873015873,0
0,0.0,1,0.000248015873015873,0
0,0.0,2,0.000496031746031746,0
0,0.0,5,0.001240079365079365,0
0,0.0,8,0.001984126984126984,0
0,0.0,7,0.001736111111111111,0
0,0.0,8,0.001984126984126984,0
0,0.12893968634300243,10,0.00248015873015873,0
0,0.09680064749406336,8,0.001984126984126984,0
0,0.0,7,0.001736111111111111,0
0,0.2110135582085623,5,0.001240079365079365,0
0,0.026853398646480876,4,0.000992063492063492,0
0,0.1513009266003989,9,0.002232142857142857,0
0,0.1396596891581264,2,0.000496031746031746,0
0,0.04146479851047827,6,0.001488095238095238,0
0,0.0,7,0.001736111111111111,0
0,0.0057290354453016275,2,0.000496031746031746,0
0,0.0,5,0.001240079365079365,0
0,0.05288313018130199,10,0.00248015873015873,0
1,0.019729226563120646,8,0.001984126984126984,0
0,0.03113086734428849,9,0.002232142857142857,0
0,0.019063559126502434,5,0.001240079365079365,0
0,0.09413105807674833,1,0.000248015873015873,0
0,0.18093063497331102,4,0.000992063492063492,0
0,0.0,7,0.001736111111111111,0
0,0.0,1,0.000248015873015873,0
0,0.0,4,0.000992063492063492,0
0,0.0015618333949603048,5,0.001240079365079365,0
0,0.09022771737866472,4,0.000992063492063492,0
0,0.0,3,0.000744047619047619,0
1,0.15192839236417688,5,0.001240079365079365,0
0,0.09266055080444072,5,0.001240079365079365,0
0,0.0,6,0.001488095238095238,0
1,0.0,2,0.000496031746031746,0
0,0.0,1,0.000248015873015873,0
0,0.04632062920991231,8,0.001984126984126984,0
0,0.0,7,0.001736111111111111,0
0,0.055229993767952325,3,0.000744047619047619,0
0,0.06256309336460009,3,0.000744047619047619,0
0,0.026044226333355597,7,0.001736111111111111,0
0,0.0,9,0.002232142857142857,0
0,0.03496500472996937,4,0.000992063492063492,0
0,0.0,9,0.002232142857142857,0
0,0.06791427754381955,9,0.002232142857142857,0
1,0.0,6,0.001488095238095238,0
2,0.0,2,0.000496031746031746,0
0,0.06446282463176967,7,0.001736111111111111,0
0,0.1161398787431406,1,0.000248015873015873,0
0,0.0,7,0.001736111111111111,0
2,0.0,1,0.000248015873015873,0
0,0.0,8,0.001984126984126984,0
0,0.12147970568943851,2,0.000496031746031746,0
0,0.0,6,0.001488095238095238,0
0,0.0,7,0.001736111111111111,0
0,0.06918811448550873,7,0.001736111111111111,0
0,0.13349032478434442,7,0.001736111111111111,0
0,0.06297498783986742,5,0.001240079365079365,0
1,0.20122704457007654,2,0.000496031746031746,0
1,0.10237095461069814,7,0.001736111111111111,0
0,0.17687717832594207,1,0.000248015873015873,0
0,0.0,6,0.001488095238095238,0
0,0.0703641615793175,3,0.000744047619047619,0
1,0.01591589453321057,8,0.001984126984126984,0
0,0.06255080168310358,6,0.001488095238095238,0
0,0.08852314829889911,2,0.000496031746031746,0
0,0.19541574337502865,4,0.000992063492063492,0
0,0.0,7,0.001736111111111111,0
0,0.19625871905307948,7,0.001736111111111111,0
0,0.00036956718478473255,2,0.000496031746031746,0
0,0.0,7,0.001736111111111111,0
0,0.0,5,0.001240079365079365,0
0,0.056288086017435485,6,0.001488095238095238,0
0,0.0,4,0.000992063492063492,0
0,0.0,6,0.001488095238095238,0
0,0.03423378344896215,3,0.000744047619047619,0
0,0.1554160420714774,2,0.000496031746031746,0
1,0.08539759765522237,2,0.000496031746031746,0
1,0.0,4,0.000992063492063492,0
0,0.0,6,0.001488095238095238,0
0,0.038632331781156,6,0.001488095238095238,0
0,0.0,3,0.000744047619047619,0
0,0.0,4,0.000992063492063492,0
0,0.0,2,0.000496031746031746,0
0,0.019502498402812676,3,0.000744047619047619,0
1,0.0,5,0.001240079365079365,0
0,0.04287906399387243,4,0.000992063492063492,0
1,0.0,3,0.000744047619047619,0
0,0.08953554307625997,3,0.000744047619047619,0
1,0.0,2,0.000496031746031746,0
1,0.0,3,0.000744047619047619,0
1,0.04547409121411344,8,0.001984126984126984,0
0,0.03430670089259352,8,0.001984126984126984,0
1,0.030845010833151477,8,0.001984126984126984,0
0,0.0,6,0.001488095238095238,0
0,0.0,6,0.001488095238095238,0
0,0.0,3,0.000744047619047619,0
1,0.0,8,0.001984126984126984,0
1,0.08745170741325226,2,0.000496031746031746,0
0,0.0,8,0.001984126984126984,0
0,0.0,8,0.001984126984126984,0
0,0.0,5,0.001240079365079365,0
0,0.0,5,0.001240079365079365,0
0,0.018142662011397137,1,0.000248015873015873,0
0,0.0,6,0.001488095238095238,0
1,0.0,2,0.000496031746031746,0
0,0.0,4,0.000992063492063492,0
0,0.0,1,0.000248015873015873,0
0,0.023641786235993268,1,0.000248015873015873,0
0,0.0,3,0.000744047619047619,0
0,0.0,7,0.001736111111111111,0
0,0.07813622223625105,3,0.000744047619047619,0
0,0.0,1,0.000248015873015873,0
1,0.0,6,0.001488095238095238,0
0,0.17388513518533313,7,0.001736111111111111,0
0,0.0,7,0.001736111111111111,0
0,0.04820667273353862,1,0.000248015873015873,0
0,0.036873314731751976,5,0.001240079365079365,0
0,0.0,5,0.001240079365079365,0
0,0.08451579711843216,5,0.001240079365079365,0
0,0.0,4,0.000992063492063492,0
0,0.17041055162554913,4,0.000992063492063492,0
1,0.0,5,0.001240079365079365,0
0,0.10544316549732602,5,0.001240079365079365,0
0,0.0,7,0.001736111111111111,0
0,0.03449450015462851,6,0.001488095238095238,0
1,0.1904136589573007,1,0.000248015873015873,0
0,0.16259589153620635,4,0.000992063492063492,0
0,0.029562448874709508,7,0.001736111111111111,0
0,0.0,5,0.001240079365079365,0
0,0.02167755637626291,6,0.001488095238095238,0
0,0.0,2,0.000496031746031746,0
0,0.0,3,0.000744047619047619,0
1,0.0,5,0.001240079365079365,0
2,0.0,4,0.000992063492063492,0
0,0.0,5,0.001240079365079365,0
0,0.01161730840765497,2,0.000496031746031746,0
1,0.0,1,0.000248015873015873,0
0,0.0,4,0.000992063492063492,0
0,0.0681359510442948,1,0.000248015873015873,0
1,0.029618480473101363,7,0.001736111111111111,0
0,0.03752169571571626,7,0.001736111111111111,0
0,0.0,3,0.000744047619047619,0
0,0.0,6,0.001488095238095238,0
0,0.08291298273361138,1,0.000248015873015873,0
0,0.0,5,0.001240079365079365,0
0,0.0,1,0.000248015873015873,0
1,0.0,4,0.000992063492063492,0
0,0.0,8,0.001984126984126984,0
0,0.04576865860535521,8,0.001984126984126984,0
0,0.0,9,0.002232142857142857,0
1,0.1388337778208448,9,0.002232142857142857,0
0,0.0,10,0.00248015873015873,0
0,0.0,3,0.000744047619047619,0
0,0.002128043710406337,6,0.001488095238095238,0
0,0.08867323595545425,6,0.001488095238095238,0
0,0.005633628681212093,5,0.001240079365079365,0
0,0.0,7,0.001736111111111111,0
1,0.0,7,0.001736111111111111,0
0,0.0,6,0.001488095238095238,0
0,0.0,10,0.00248015873015873,0
0,0.03295087355730091,1,0.000248015873015873,0
0,0.0,6,0.001488095238095238,0
0,0.0,2,0.000496031746031746,0
0,0.0,6,0.001488095238095238,0
0,0.03584536182096203,2,0.000496031746031746,0
0,0.06855077387902041,9,0.002232142857142857,0
1,0.18486088332964115,7,0.001736111111111111,0
0,0.1533854941032175,5,0.001240079365079365,0
0,0.013784450488078345,5,0.001240079365079365,0
0,0.050540427343099714,10,0.00248015873015873,0
0,0.019584524701068556,3,0.000744047619047619,0
0,0.0,6,0.001488095238095238,0
1,0.11468791992518995,2,0.000496031746031746,0
1,0.0,10,0.00248015873015873,0
1,0.0,3,0.000744047619047619,0
0,0.08760467925297943,6,0.001488095238095238,0
1,0.1472670675750982,5,0.001240079365079365,0
0,0.0,7,0.001736111111111111,0
0,0.0,3,0.000744047619047619,0
0,0.0,10,0.00248015873015873,0
1,0.0,2,0.000496031746031746,0
0,0.03240570282215607,5,0.001240079365079365,0
0,0.0,9,0.002232142857142857,0
1,0.0,7,0.001736111111111111,0
0,0.000988060982976315,6,0.001488095238095238,0
0,0.08247490065722979,6,0.001488095238095238,0
0,0.08160068487744233,6,0.001488095238095238,0
1,0.0,6,0.001488095238095238,0
0,0.17473631979155582,5,0.001240079365079365,0
1,0.0,1,0.000248015873015873,0
0,0.05939267344226445,6,0.001488095238095238,0
0,0.0,6,0.001488095238095238,0
0,0.0,4,0.000992063492063492,0
0,0.0229314128434647,5,0.001240079365079365,0
0,0.17126677128385692,3,0.000744047619047619,0
0,0.07803428116164463,1,0.000248015873015873,0
0,0.0,3,0.000744047619047619,0
0,0.012284343854019797,3,0.000744047619047619,0
1,0.0,2,0.000496031746031746,0
0,0.054347937867009304,2,0.000496031746031746,0
1,0.01998104337187135,3,0.000744047619047619,0
0,0.0,4,0.000992063492063492,0
0,0.08593137911229726,2,0.000496031746031746,0
0,0.04667162340051821,2,0.000496031746031746,0
0,0.05063669775262545,2,0.000496031746031746,0
0,0.0,2,0.000496031746031746,0
1,0.0,1,0.000248015873015873,0
0,0.1516394055253573,3,0.000744047619047619,0
0,0.06021183203924835,1,0.000248015873015873,0
0,0.0,5,0.001240079365079365,0
0,0.007748051851886254,5,0.001240079365079365,0
0,0.033417641724489744,6,0.001488095238095238,0
1,0.0,5,0.001240079365079365,0
0,0.0,1,0.000248015873015873,0
0,0.04506555553346548,6,0.001488095238095238,0
0,0.01295004510080991,3,0.000744047619047619,0
0,0.0,5,0.001240079365079365,0
0,0.0,2,0.000496031746031746,0
0,0.06531931105803095,5,0.001240079365079365,0
0,0.04295630002034795,4,0.000992063492063492,0
0,0.043338861573389474,2,0.000496031746031746,0
0,0.11535634286598602,2,0.000496031746031746,0
0,0.0,2,0.000496031746031746,0
0,0.0,6,0.001488095238095238,0
0,0.0,5,0.001240079365079365,0
1,0.12002617497388293,4,0.000992063492063492,0
1,0.0,1,0.000248015873015873,0
0,0.04107621895758842,4,0.000992063492063492,0
0,0.0,3,0.000744047619047619,0
1,0.0,6,0.001488095238095238,0
0,0.003444101170584135,6,0.001488095238095238,0
0,0.04535087125544674,2,0.000496031746031746,0
1,0.0,4,0.000992063492063492,0
0,0.0,5,0.001240079365079365,0
0,0.0,3,0.000744047619047619,0
0,0.01798310795379064,6,0.001488095238095238,0
0,0.048741392690484324,4,0.000992063492063492,0
0,0.0,2,0.000496031746031746,0
1,0.11438367264203908,5,0.001240079365079365,0
0,0.0,2,0.000496031746031746,0
0,0.0,3,0.000744047619047619,0
0,0.17349365758368085,4,0.000992063492063492,0
0,0.0,2,0.000496031746031746,0
0,0.0,3,0.000744047619047619,0
0,0.0,6,0.001488095238095238,0
1,0.0,5,0.001240079365079365,0
1,0.0,4,0.000992063492063492,0
0,0.17549330716472417,4,0.000992063492063492,0
1,0.001840163078343813,3,0.000744047619047619,0
2,0.13704096939838664,4,0.000992063492063492,0
0,0.14294578020440077,5,0.001240079365079365,0
0,0.19898550733375575,5,0.001240079365079365,0
0,0.03509425048957069,4,0.000992063492063492,0
0,0.0,2,0.000496031746031746,0
1,0.027402735267208544,2,0.000496031746031746,0
1,0.07322345071326535,5,0.001240079365079365,0
0,0.0,2,0.000496031746031746,0
1,0.0,3,0.000744047619047619,0
0,0.01435879365051602,1,0.000248015873015873,0
0,0.0,6,0.001488095238095238,0
0,0.041960997202411816,4,0.000992063492063492,0
0,0.10417246640588514,3,0.000744047619047619,0
1,0.05835443030118877,5,0.001240079365079365,0
0,0.007343451924111885,1,0.000248015873015873,0
0,0.0,6,0.001488095238095238,0
0,0.044350172058452486,5,0.001240079365079365,0
0,0.0,2,0.000496031746031746,0
0,0.0,3,0.000744047619047619,0
0,0.12613181018500463,5,0.001240079365079365,0
0,0.149610223342556,8,0.001984126984126984,0
1,0.0,9,0.002232142857142857,0
0,0.10487071264165636,3,0.000744047619047619,0
0,0.16554071130882952,7,0.001736111111111111,0
0,0.04912076654119963,2,0.000496031746031746,0
1,0.0,4,0.000992063492063492,0
0,0.00834811255198509,8,0.001984126984126984,0
0,0.0,6,0.001488095238095238,0
0,0.0,1,0.000248015873015873,0
0,0.0031075966875013876,7,0.001736111111111111,0
0,0.009682817740951716,1,0.000248015873015873,0
0,0.0,7,0.001736111111111111,0
1,0.09515497705740428,9,0.002232142857142857,0
0,0.0,6,0.001488095238095238,0
1,0.0,4,0.000992063492063492,0
0,0.006992926714063982,7,0.001736111111111111,0
1,0.0,2,0.000496031746031746,0
0,0.0,6,0.001488095238095238,0
1,0.0,4,0.000992063492063492,0
1,0.0,1,0.000248015873015873,0
0,0.0,6,0.001488095238095238,0
0,0.0,2,0.000496031746031746,0
0,0.0,6,0.001488095238095238,0
0,0.010940847183297006,3,0.000744047619047619,0
0,0.0,3,0.000744047619047619,0
0,0.04559041951707027,1,0.000248015873015873,0
0,0.0,5,0.001240079365079365,0
0,0.0,8,0.001984126984126984,0
0,0.0,3,0.000744047619047619,0
0,0.0,8,0.001984126984126984,0
0,0.0,8,0.001984126984126984,0
1,0.07760279138434754,1,0.000248015873015873,0
0,0.0,2,0.000496031746031746,0
0,0.0,1,0.000248015873015873,0
0,0.051651728439791,5,0.001240079365079365,0
1,0.09729965453330006,4,0.000992063492063492,0
0,0.0,6,0.001488095238095238,0
0,0.13305749040390402,5,0.001240079365079365,0
0,0.08929538701087693,5,0.001240079365079365,0
1,0.18296202017160873,4,0.000992063492063492,0
0,0.0,1,0.000248015873015873,0
0,0.17666554892914357,3,0.000744047619047619,0
0,0.11446062820500898,2,0.000496031746031746,0
0,0.020971329919736693,3,0.000744047619047619,0
1,0.022228985580085407,1,0.000248015873015873,0
0,0.12788658133133932,1,0.000248015873015873,0
0,0.0,2,0.000496031746031746,0
0,0.0,4,0.000992063492063492,0
0,0.09003985883950637,6,0.001488095238095238,0
0,0.04512253193185082,5,0.001240079365079365,0
0,0.16672241115511371,4,0.000992063492063492,0
0,0.15232386217122584,1,0.000248015873015873,0
0,0.0,1,0.000248015873015873,0
0,0.0,4,0.000992063492063492,0
0,0.0,5,0.001240079365079365,0
0,0.07574951493374855,5,0.001240079365079365,0
0,0.028375102366150113,1,0.000248015873015873,0
1,0.0,6,0.001488095238095238,0
0,0.0,5,0.001240079365079365,0
1,0.0,5,0.001240079365079365,0
0,0.0,2,0.000496031746031746,0
0,0.19114190871397235,6,0.001488095238095238,0
0,0.10074439731951985,2,0.000496031746031746,0
1,0.0,3,0.000744047619047619,0
1,0.0012499321907250335,4,0.000992063492063492,0
0,0.28684030556667683,1,0.000248015873015873,0
0,0.0,5,0.001240079365079365,0
1,0.10587285298838789,3,0.000744047619047619,0
0,0.0,2,0.000496031746031746,0
0,0.10366468294192557,5,0.001240079365079365,0
0,0.011127676805327563,4,0.000992063492063492,0
0,0.015243476687418581,2,0.000496031746031746,0
0,0.0,6,0.001488095238095238,0
0,0.025258992737909127,6,0.001488095238095238,0
0,0.06526464071770784,1,0.000248015873015873,0
0,0.0,5,0.001240079365079365,0
0,0.11650321048394573,5,0.001240079365079365,0
0,0.0,5,0.001240079365079365,0
0,0.0,5,0.001240079365079365,0
0,0.02871333541229858,7,0.001736111111111111,0
0,0.0,5,0.001240079365079365,0
0,0.02767229725883162,5,0.001240079365079365,0
0,0.0,1,0.000248015873015873,0
0,0.0,4,0.000992063492063492,0
0,0.06084077537992262,7,0.001736111111111111,0
0,0.27659796144392673,4,0.000992063492063492,0
0,0.14182403547575645,1,0.000248015873015873,0
0,0.0,6,0.001488095238095238,0
0,0.0,4,0.000992063492063492,0
0,0.0,3,0.000744047619047619,0
0,0.0,3,0.000744047619047619,0
0,0.027474190274634505,6,0.001488095238095238,0
2,0.0,1,0.000248015873015873,0
0,0.10146453864394119,3,0.000744047619047619,0
0,0.12059560179045421,7,0.001736111111111111,0
0,0.11418532448109715,1,0.000248015873015873,0
0,0.0,3,0.000744047619047619,0
0,0.0326624217565134,2,0.000496031746031746,0
0,0.10357246425830327,6,0.001488095238095238,0
1,0.08197283316910119,6,0.001488095238095238,0
0,0.0,6,0.001488095238095238,0
0,0.04494739128323069,1,0.000248015873015873,0
0,0.2086047049537114,7,0.001736111111111111,0
1,0.0,5,0.001240079365079365,0
0,0.2554686325902116,6,0.001488095238095238,0
0,0.0,7,0.001736111111111111,0
0,0.11804908779729612,3,0.000744047619047619,0
0,0.2278401986529228,2,0.000496031746031746,0
0,0.19708642707177992,1,0.000248015873015873,0
0,0.0,3,0.000744047619047619,0
0,0.08363287193354561,5,0.001240079365079365,0
0,0.023882938618641384,3,0.000744047619047619,0
0,0.0,7,0.001736111111111111,0
0,0.1366154628273648,6,0.001488095238095238,0
0,0.05987390159931402,2,0.000496031746031746,0
0,0.0,7,0.001736111111111111,0
0,0.0,8,0.001984126984126984,0
0,0.0,3,0.000744047619047619,0
0,0.12237103406692909,3,0.000744047619047619,0
0,0.0,2,0.000496031746031746,0
0,0.0,8,0.001984126984126984,0
1,0.0,1,0.000248015873015873,0
0,0.04283166923752375,5,0.001240079365079365,0
0,0.007715649621771674,4,0.000992063492063492,0
0,0.00785770297191498,1,0.000248015873015873,0
0,0.0,4,0.000992063492063492,0
0,0.0,1,0.000248015873015873,0
0,0.0,6,0.001488095238095238,0
1,0.15834772772495997,5,0.001240079365079365,0
0,0.0,9,0.002232142857142857,0
0,0.017252678292308983,7,0.001736111111111111,0
1,0.051086298914831775,9,0.002232142857142857,0
0,0.1450927548279212,8,0.001984126984126984,0
0,0.18071966436378853,5,0.001240079365079365,0
0,0.0,1,0.000248015873015873,0
0,0.0,4,0.000992063492063492,0
0,0.21650560678066025,5,0.001240079365079365,0
1,0.11905485943435962,6,0.001488095238095238,0
0,0.01848678838526347,1,0.000248015873015873,0
0,0.13907324875915425,6,0.001488095238095238,0
0,0.0,5,0.001240079365079365,0
0,0.08039193308807205,2,0.000496031746031746,0
0,0.0,6,0.001488095238095238,0
0,0.0,7,0.001736111111111111,0
0,0.12024777476530082,7,0.001736111111111111,0
0,0.03171469847104752,8,0.001984126984126984,0
0,0.10951604117202318,7,0.001736111111111111,0
0,0.04335054999468425,6,0.001488095238095238,0
0,0.055957706151046706,3,0.000744047619047619,0
0,0.0,8,0.001984126984126984,0
0,0.2633537940031605,8,0.001984126984126984,0
1,0.05317448831256588,6,0.001488095238095238,0
0,0.0,9,0.002232142857142857,0
0,0.0,5,0.001240079365079365,0
0,0.0,2,0.000496031746031746,0
0,0.0,7,0.001736111111111111,0
1,0.0,5,0.001240079365079365,0
0,0.0,2,0.000496031746031746,0
1,0.0,5,0.001240079365079365,0
0,0.10639409875608562,3,0.000744047619047619,0
0,0.04441983272906719,3,0.000744047619047619,0
0,0.11013229577357622,1,0.000248015873015873,0
0,0.05222506360177786,1,0.000248015873015873,0
0,0.0,3,0.000744047619047619,0
0,0.05737444210044132,3,0.000744047619047619,0
0,0.0,3,0.000744047619047619,0
0,0.01455211977682408,4,0.000992063492063492,0
0,0.0,5,0.001240079365079365,0
0,0.06954024745502987,4,0.000992063492063492,0
0,0.0,2,0.000496031746031746,0
0,0.0,4,0.000992063492063492,0
0,0.0,3,0.000744047619047619,0
0,0.0,4,0.000992063492063492,0
0,0.0,1,0.000248015873015873,0
0,0.10887696542166721,3,0.000744047619047619,0
0,0.0,5,0.001240079365079365,0
0,0.16957228778108654,4,0.000992063492063492,0
1,0.18972886947731116,3,0.000744047619047619,0
1,0.017528677893392387,1,0.000248015873015873,0
0,0.0,1,0.000248015873015873,0
0,0.0,4,0.000992063492063492,0
0,0.0,3,0.000744047619047619,0
0,0.005225849049748321,5,0.001240079365079365,0
0,0.0,2,0.000496031746031746,0
0,0.09778155496862004,1,0.000248015873015873,0
0,0.0,2,0.000496031746031746,0
0,0.11535903433169255,5,0.001240079365079365,0
0,0.13863493972628435,4,0.000992063492063492,0
0,0.0,1,0.000248015873015873,0
0,0.0,2,0.000496031746031746,0
0,0.15301951988633514,1,0.000248015873015873,0
0,0.0664927162301741,2,0.000496031746031746,0
0,0.0,3,0.000744047619047619,0
0,0.0,3,0.000744047619047619,0
0,0.05114995753618615,4,0.000992063492063492,0
0,0.19351540400602293,5,0.001240079365079365,0
1,0.0,2,0.000496031746031746,0
0,0.0,4,0.000992063492063492,0
1,0.004522270899998257,3,0.000744047619047619,0
0,0.005119790188108535,3,0.000744047619047619,0
0,0.032297450361766816,4,0.000992063492063492,0
0,0.0,1,0.000248015873015873,0
0,0.12208212988130479,5,0.001240079365079365,0
0,0.0,2,0.000496031746031746,0
0,0.04347700645568912,5,0.001240079365079365,0
1,0.04754306825266235,3,0.000744047619047619,0
0,0.0,4,0.000992063492063492,0
0,0.0,3,0.000744047619047619,0
0,0.015725843678529833,3,0.000744047619047619,0
0,0.0006211355621786128,2,0.000496031746031746,0
0,0.0,1,0.000248015873015873,0
0,0.0,1,0.000248015873015873,0
2,0.13680984817638128,2,0.000496031746031746,0
0,0.0,4,0.000992063492063492,0
0,0.11426999162351831,5,0.001240079365079365,0
0,0.0,4,0.000992063492063492,0
0,0.2569907035475335,5,0.001240079365079365,0
0,0.0,1,0.000248015873015873,0
0,0.12046744399937044,3,0.000744047619047619,0
0,0.0,3,0.000744047619047619,0
0,0.061484139730297316,4,0.000992063492063492,0
0,0.17786551265382486,2,0.000496031746031746,0
0,0.0,5,0.001240079365079365,0
0,0.24415043421694682,3,0.000744047619047619,0
0,0.18095149185186066,4,0.000992063492063492,0
0,0.0,2,0.000496031746031746,0
0,0.0,1,0.000248015873015873,0
0,0.0,2,0.000496031746031746,0
0,0.006416712562467415,1,0.000248015873015873,0
1,0.0,4,0.000992063492063492,0
0,0.023278674294016366,2,0.000496031746031746,0
0,0.0,4,0.000992063492063492,0
0,0.09583858198420425,1,0.000248015873015873,0
0,0.0051660976851079805,3,0.000744047619047619,0
0,0.022907468820570258,3,0.000744047619047619,0
1,0.10743180127155615,1,0.000248015873015873,0
0,0.15587980694978887,5,0.001240079365079365,0
1,0.0,5,0.001240079365079365,0
0,0.0,3,0.000744047619047619,0
0,0.0,3,0.000744047619047619,0
0,0.21247714030169618,6,0.001488095238095238,0
0,0.13313390619884033,9,0.002232142857142857,0
0,0.007125374991089249,4,0.000992063492063492,0
0,0.0,2,0.000496031746031746,0
0,0.12395840064415616,4,0.000992063492063492,0
0,0.0,3,0.000744047619047619,0
0,0.10683793336940164,4,0.000992063492063492,0
1,0.0604120889588518,8,0.001984126984126984,0
0,0.0,1,0.000248015873015873,0
0,0.09994190326779112,6,0.001488095238095238,0
0,0.04796797395099632,9,0.002232142857142857,0
1,0.019894969648330953,6,0.001488095238095238,0
0,0.033614496302622886,8,0.001984126984126984,0
0,0.0,9,0.002232142857142857,0
0,0.20498120957859262,3,0.000744047619047619,0
0,6.82818957482628e-05,2,0.000496031746031746,0
0,0.0,2,0.000496031746031746,0
0,0.10819848092499423,5,0.001240079365079365,0
0,0.003402741107223205,7,0.001736111111111111,0
1,0.011137260184005243,8,0.001984126984126984,0
0,0.07601183762563613,9,0.002232142857142857,0
1,0.10544121122194115,7,0.001736111111111111,0
0,0.11947628618769378,7,0.001736111111111111,0
0,0.08946471875738723,2,0.000496031746031746,0
0,0.0,3,0.000744047619047619,0
0,0.004693490206036963,6,0.001488095238095238,0
0,0.0,2,0.000496031746031746,0
0,0.07640297815728596,8,0.001984126984126984,0
0,0.05964411375817527,8,0.001984126984126984,0
1,0.0,9,0.002232142857142857,0
0,0.0,6,0.001488095238095238,0
0,0.0,3,0.000744047619047619,0
0,0.0,9,0.002232142857142857,0
0,0.0,3,0.000744047619047619,0
0,0.0,3,0.000744047619047619,0
1,0.07172835811587756,7,0.001736111111111111,0
0,0.04447738078315948,2,0.000496031746031746,0
1,0.0,9,0.002232142857142857,0
0,0.2220683796583114,3,0.000744047619047619,0
0,0.0008828138267394708,5,0.001240079365079365,0
0,0.09898601405859991,3,0.000744047619047619,0
1,0.0,3,0.000744047619047619,0
1,0.12030478522059247,6,0.001488095238095238,0
0,0.07754237330893744,4,0.000992063492063492,0
1,0.10294574815983573,6,0.001488095238095238,0
0,0.08723153800284504,9,0.002232142857142857,0
0,0.0,5,0.001240079365079365,0
0,0.0072874098015515395,2,0.000496031746031746,0
0,0.1191707497107065,5,0.001240079365079365,0
0,0.0,4,0.000992063492063492,0
0,0.01786947168104756,9,0.002232142857142857,0
0,0.12292147842970505,5,0.001240079365079365,0
0,0.24851899166788916,3,0.000744047619047619,0
0,0.026477531097797963,5,0.001240079365079365,0
1,0.0,9,0.002232142857142857,0
1,0.031470630755446864,2,0.000496031746031746,0
0,0.08721970000729778,9,0.002232142857142857,0
0,0.0,3,0.000744047619047619,0
0,0.09331280723410694,3,0.000744047619047619,0
0,0.0,3,0.000744047619047619,0
1,0.0,6,0.001488095238095238,0
0,0.07932854051651252,1,0.000248015873015873,0
1,0.0,1,0.000248015873015873,0
0,0.13522026788671446,2,0.000496031746031746,0
0,0.04240668615184512,1,0.000248015873015873,0
0,0.003944704824073949,5,0.001240079365079365,0
0,0.02810092502818063,4,0.000992063492063492,0
0,0.0,7,0.001736111111111111,0
1,0.0,1,0.000248015873015873,0
1,0.002440733953316213,8,0.001984126984126984,0
0,0.09955815140020298,9,0.002232142857142857,0
0,0.17031726099180378,5,0.001240079365079365,0
0,0.0,5,0.001240079365079365,0
1,0.05827375831738644,8,0.001984126984126984,0
0,0.0,4,0.000992063492063492,0
0,0.0,7,0.001736111111111111,0
0,0.08965886542360185,1,0.000248015873015873,0
1,0.0,6,0.001488095238095238,0
1,0.0,1,0.000248015873015873,0
0,0.0,2,0.000496031746031746,0
1,0.0,4,0.000992063492063492,0
0,0.05212799050138145,4,0.000992063492063492,0
0,0.03216785413765001,4,0.000992063492063492,0
0,0.016805980596682025,4,0.000992063492063492,0
0,0.0,2,0.000496031746031746,0
0,0.017847666388538973,3,0.000744047619047619,0
0,0.0,5,0.001240079365079365,0
0,0.032910677871012955,2,0.000496031746031746,0
1,0.0,3,0.000744047619047619,0
0,0.0,7,0.001736111111111111,0
0,0.1904433508174741,6,0.001488095238095238,0
0,0.0,3,0.000744047619047619,0
1,0.02773584619646759,6,0.001488095238095238,0
0,0.0,7,0.001736111111111111,0
1,0.024827393291144584,3,0.000744047619047619,0
2,0.0,4,0.000992063492063492,0
0,0.0,2,0.000496031746031746,0
1,0.0,7,0.001736111111111111,0
1,0.0,3,0.000744047619047619,0
0,0.0,5,0.001240079365079365,0
0,0.02353882605480125,5,0.001240079365079365,0
0,0.0,1,0.000248015873015873,0
0,0.09200114600053962,3,0.000744047619047619,0
1,0.0,2,0.000496031746031746,0
0,0.0,4,0.000992063492063492,0
0,0.0,1,0.000248015873015873,0
0,0.04643698635465742,3,0.000744047619047619,0
0,0.0,4,0.000992063492063492,0
0,0.018106274277108234,2,0.000496031746031746,0
0,0.13032780373160638,2,0.000496031746031746,0
1,0.0,1,0.000248015873015873,0
1,0.022035182927354544,1,0.000248015873015873,0
0,0.0,3,0.000744047619047619,0
0,0.021209335307417525,4,0.000992063492063492,0
0,0.0,7,0.001736111111111111,0
0,0.0,5,0.001240079365079365,0
0,0.0,3,0.000744047619047619,0
0,0.05136144642310963,6,0.001488095238095238,0
0,0.06549755842216898,6,0.001488095238095238,0
0,0.08107986455917099,4,0.000992063492063492,0
0,0.0,3,0.000744047619047619,0
0,0.00976703767483354,8,0.001984126984126984,0
0,0.0,8,0.001984126984126984,0
0,0.0,8,0.001984126984126984,0
0,0.0,5,0.001240079365079365,0
1,0.0269294752580734,8,0.001984126984126984,0
0,0.11971864846224281,1,0.000248015873015873,0
0,0.0,2,0.000496031746031746,0
0,0.027899179474847397,7,0.001736111111111111,0
0,0.08618168032188236,8,0.001984126984126984,0
0,0.0,4,0.000992063492063492,0
0,0.0,4,0.000992063492063492,0
0,0.029760494279712238,6,0.001488095238095238,0
0,0.0,1,0.000248015873015873,0
0,0.0,1,0.000248015873015873,0
0,0.0,5,0.001240079365079365,0
0,0.11833238104431568,8,0.001984126984126984,0
0,0.16739015887420605,8,0.001984126984126984,0
0,0.0,5,0.001240079365079365,0
0,0.05336479953688871,1,0.000248015873015873,0
0,0.0,2,0.000496031746031746,0
0,0.08010809637881858,7,0.001736111111111111,0
0,0.0,3,0.000744047619047619,0
0,0.11470613778404304,5,0.001240079365079365,0
0,0.0,6,0.001488095238095238,0
0,0.0,7,0.001736111111111111,0
0,0.0,6,0.001488095238095238,0
1,0.0,1,0.000248015873015873,0
0,0.0,7,0.001736111111111111,0
1,0.0,1,0.000248015873015873,0
1,0.03195246707829554,4,0.000992063492063492,0
1,0.1653617268492285,6,0.001488095238095238,0
0,0.0,5,0.001240079365079365,0
1,0.0,2,0.000496031746031746,0
0,0.0,7,0.001736111111111111,0
1,0.1191899334413573,8,0.001984126984126984,0
3,0.27296532081749303,18,0.004464285714285714,0
1,0.638325350970325,11,0.002728174603174603,0
1,0.015263564127230518,15,0.003720238095238095,0
2,0.08914308447887605,14,0.003472222222222222,0
3,0.18766693464720818,14,0.003472222222222222,0
1,0.07723454043901586,12,0.002976190476190476,0
3,0.4086622622906158,17,0.004216269841269841,0
2,0.7547633137872879,17,0.004216269841269841,0
1,0.1653745801686781,9,0.002232142857142857,0
1,0.1256255663674742,11,0.002728174603174603,0
3,0.9775246873502643,14,0.003472222222222222,0
2,0.17655639413403265,17,0.004216269841269841,0
2,0.20144412311588025,11,0.002728174603174603,0
3,0.1299973224271138,17,0.004216269841269841,0
1,0.7208823555486433,14,0.003472222222222222,0
3,0.2524631721489177,14,0.003472222222222222,0
1,0.43086553022516677,15,0.003720238095238095,0
3,0.501085725120147,13,0.003224206349206349,0
3,0.1254962863172496,14,0.003472222222222222,0
3,0.1705863887649388,17,0.004216269841269841,0
3,0.5660950091509203,16,0.003968253968253968,0
3,0.13541597094939778,18,0.004464285714285714,0
2,0.4738692820808205,16,0.003968253968253968,0
1,0.8490263153055163,14,0.003472222222222222,0
2,0.2928204798097682,10,0.00248015873015873,0
2,0.40600563427317854,18,0.004464285714285714,0
2,0.49057646432602037,9,0.002232142857142857,0
3,0.5593757982354892,16,0.003968253968253968,0
2,0.1507844959753623,18,0.004464285714285714,0
3,0.015787240977805095,12,0.002976190476190476,0
3,0.1541872926440569,9,0.002232142857142857,0
3,0.33603312469535845,16,0.003968253968253968,0
1,0.1795422806471328,17,0.004216269841269841,0
3,0.41464666239139963,18,0.004464285714285714,0
2,0.13247496877579285,11,0.002728174603174603,0
3,0.3021471563091107,12,0.002976190476190476,0
1,0.06189323303798865,18,0.004464285714285714,0
3,0.4151325849726944,10,0.00248015873015873,0
1,0.23669658985595013,9,0.002232142857142857,0
2,0.06847109596303731,14,0.003472222222222222,0
1,0.10355571959901642,17,0.004216269841269841,0
3,0.4142233871302194,14,0.003472222222222222,0
2,0.19768241923388438,19,0.004712301587301587,0
3,0.07301590859341248,18,0.004464285714285714,0
3,1.0258498681576225,22,0.005456349206349206,0
1,0.37671145829392244,22,0.005456349206349206,0
1,0.9449087190511556,19,0.004712301587301587,0
1,0.16711587129291708,19,0.004712301587301587,0
2,0.19336444793530036,21,0.005208333333333333,0
2,0.6847030515136726,19,0.004712301587301587,0
2,0.2233633063630812,16,0.003968253968253968,0
1,0.3685605123279902,18,0.004464285714285714,0
3,0.08717503420990548,16,0.003968253968253968,0
3,0.17757083043267408,16,0.003968253968253968,0
3,0.039528413428156994,22,0.005456349206349206,0
3,0.069194002295794,21,0.005208333333333333,0
3,0.0002831581691708751,15,0.003720238095238095,0
3,0.012017014866327719,18,0.004464285714285714,0
1,1.1354033918763702,14,0.003472222222222222,0
2,0.08326158555432872,19,0.004712301587301587,0
2,0.32657842817389887,14,0.003472222222222222,0
2,0.5480911059038909,15,0.003720238095238095,0
3,0.23999293845539893,14,0.003472222222222222,0
3,0.04986756033257006,22,0.005456349206349206,0
2,0.3907144148338983,16,0.003968253968253968,0
2,0.2750758364183733,16,0.003968253968253968,0
3,0.3941927677389403,22,0.005456349206349206,0
2,0.4405724810000797,15,0.003720238095238095,0
1,1.1116291126435436,20,0.00496031746031746,0
3,0.25568738807347,19,0.004712301587301587,0
2,0.12540152247065336,17,0.004216269841269841,0
2,0.3136334216881727,13,0.003224206349206349,0
2,0.021268632037864537,11,0.002728174603174603,0
2,0.6830673628111593,22,0.005456349206349206,0
1,0.0381390667711373,16,0.003968253968253968,0
2,0.11917892808273088,21,0.005208333333333333,0
2,0.5074310030994951,22,0.005456349206349206,0
2,0.27287824498203767,14,0.003472222222222222,0
1,0.15008220660750246,19,0.004712301587301587,0
2,0.19241452513756335,19,0.004712301587301587,0
1,0.578371491571934,10,0.00248015873015873,0
3,0.1246566268587116,18,0.004464285714285714,0
1,0.6112589161781466,12,0.002976190476190476,0
1,0.027678810647798483,17,0.004216269841269841,0
1,0.449904014023814,12,0.002976190476190476,0
1,0.5642709238876039,10,0.00248015873015873,0
2,0.06020101467906559,14,0.003472222222222222,0
3,0.16881811636835511,16,0.003968253968253968,0
1,0.05427667975641189,11,0.002728174603174603,0
1,0.3678697458871623,17,0.004216269841269841,0
1,0.2299398124522187,15,0.003720238095238095,0
3,0.302623259825137,16,0.003968253968253968,0
2,0.06562856207861183,12,0.002976190476190476,0
2,0.07138041931010837,14,0.003472222222222222,0
2,0.01271487786399792,9,0.002232142857142857,0
1,0.11661228163089606,18,0.004464285714285714,0
1,0.24612012157104401,17,0.004216269841269841,0
3,0.585440992278192,9,0.002232142857142857,0
1,0.32981848117009666,15,0.003720238095238095,0
1,0.17148937539501047,9,0.002232142857142857,0
2,0.9180499721593043,16,0.003968253968253968,0
1,0.3810820771497925,13,0.003224206349206349,0
1,0.7984868601336826,9,0.002232142857142857,0
2,0.2249711208607966,18,0.004464285714285714,0
3,0.0898876434643903,10,0.00248015873015873,0
2,0.01628195675955928,13,0.003224206349206349,0
2,0.3884810692506702,17,0.004216269841269841,0
3,0.03879454450526559,16,0.003968253968253968,0
1,0.10819418767127308,17,0.004216269841269841,0
2,0.22808811091925815,13,0.003224206349206349,0
1,0.24932069068525672,10,0.00248015873015873,0
2,0.2753249364741749,11,0.002728174603174603,0
3,0.05454842249873087,16,0.003968253968253968,0
3,0.1432837050002287,13,0.003224206349206349,0
3,0.28806826165211086,11,0.002728174603174603,0
1,1.0501614619585389,14,0.003472222222222222,0
2,0.3901794059929589,18,0.004464285714285714,0
3,0.7676451122490677,12,0.002976190476190476,0
1,0.43091280114250546,18,0.004464285714285714,0
3,0.26873839241522063,15,0.003720238095238095,0
3,0.06396664292332281,16,0.003968253968253968,0
1,0.3296007737903055,17,0.004216269841269841,0
3,0.29295522148910763,12,0.002976190476190476,0
1,0.27674483678915734,13,0.003224206349206349,0
2,0.20187743240801861,16,0.003968253968253968,0
1,0.22565051161060873,11,0.002728174603174603,0
2,0.12213908532665467,17,0.004216269841269841,0
1,0.21976149267871956,18,0.004464285714285714,0
2,0.06602792724045016,16,0.003968253968253968,0
2,0.4906951398065128,20,0.00496031746031746,0
3,0.06165628172616673,20,0.00496031746031746,0
1,0.026638311820318894,15,0.003720238095238095,0
3,0.17194120187990458,16,0.003968253968253968,0
3,0.32215316764136614,14,0.003472222222222222,0
1,0.17272490572902202,21,0.005208333333333333,0
1,0.09720181445264296,18,0.004464285714285714,0
2,0.2450498297375565,13,0.003224206349206349,0
2,0.12785451784419702,21,0.005208333333333333,0
3,0.8103269497995621,22,0.005456349206349206,0
2,0.7678055602577122,22,0.005456349206349206,0
1,0.20937063218154497,21,0.005208333333333333,0
2,0.11919729762253717,16,0.003968253968253968,0
3,0.4008314546132487,14,0.003472222222222222,0
1,0.011221147774607181,13,0.003224206349206349,0
2,0.19317513740063455,13,0.003224206349206349,0
2,0.12298808631352522,22,0.005456349206349206,0
3,0.759734923249348,16,0.003968253968253968,0
2,0.003622693584042025,22,0.005456349206349206,0
3,0.24143478654695957,18,0.004464285714285714,0
3,0.4048887436025902,21,0.005208333333333333,0
1,0.19908699184785567,14,0.003472222222222222,0
3,0.026781534259580613,20,0.00496031746031746,0
1,1.0776498780027768,19,0.004712301587301587,0
2,0.21894984210745483,19,0.004712301587301587,0
3,0.28572015725784505,16,0.003968253968253968,0
1,0.0809957860223878,20,0.00496031746031746,0
1,0.19820288489654153,11,0.002728174603174603,0
3,0.16818837326584843,19,0.004712301587301587,0
1,0.02335468337036468,20,0.00496031746031746,0
3,0.03366866588426644,13,0.003224206349206349,0
2,0.5450724544414575,14,0.003472222222222222,0
1,0.08225999063039637,10,0.00248015873015873,0
3,0.0650583498778147,14,0.003472222222222222,0
1,0.21090559381450477,14,0.003472222222222222,0
1,0.43927304932430394,14,0.003472222222222222,0
1,0.019184494548292932,13,0.003224206349206349,0
2,0.25797873369424,7,0.001736111111111111,0
3,0.0380809649189936,14,0.003472222222222222,0
3,0.011142710180925408,11,0.002728174603174603,0
3,0.016255753343087886,7,0.001736111111111111,0
2,0.5390269749845435,11,0.002728174603174603,0
1,0.03765960772841203,10,0.00248015873015873,0
3,0.013860734349043372,8,0.001984126984126984,0
1,0.172822592458959,13,0.003224206349206349,0
2,0.5573572278247978,8,0.001984126984126984,0
3,0.09130948896479427,7,0.001736111111111111,0
1,0.1643052997083661,14,0.003472222222222222,0
1,0.012222390758954664,11,0.002728174603174603,0
2,0.17884889216254155,9,0.002232142857142857,0
1,0.2585500543461127,13,0.003224206349206349,0
2,0.2538245176801948,13,0.003224206349206349,0
2,0.12123182108403503,13,0.003224206349206349,0
2,0.11373453292066257,8,0.001984126984126984,0
3,0.033824192264639216,9,0.002232142857142857,0
3,0.1370898896427871,12,0.002976190476190476,0
1,0.03143975825944762,9,0.002232142857142857,0
3,0.4364952553318109,13,0.003224206349206349,0
3,1.0168485162658774,9,0.002232142857142857,0
3,1.0527128613605712,10,0.00248015873015873,0
1,0.6009021903956482,7,0.001736111111111111,0
2,0.2754819206265849,14,0.003472222222222222,0
3,0.36205879000262914,13,0.003224206349206349,0
3,0.10072818409125019,13,0.003224206349206349,0
1,0.2989009982561182,10,0.00248015873015873,0
2,0.18244860868569018,12,0.002976190476190476,0
1,0.1973440535267338,11,0.002728174603174603,0
1,0.42536840237212,8,0.001984126984126984,0
1,0.09935160165934978,13,0.003224206349206349,0
3,0.11483511134669969,7,0.001736111111111111,0
1,0.7756507249881038,10,0.00248015873015873,0
1,0.017360022463748,10,0.00248015873015873,0
1,0.19944623544719112,9,0.002232142857142857,0
3,0.731868038129571,11,0.002728174603174603,0
3,0.28276192877673,12,0.002976190476190476,0
1,0.23716653671879026,7,0.001736111111111111,0
3,0.08620231087511335,6,0.001488095238095238,0
2,0.12614719862357807,9,0.002232142857142857,0
1,0.5732610577660361,10,0.00248015873015873,0
1,0.24576154672963296,12,0.002976190476190476,0
1,0.21692249100235897,7,0.001736111111111111,0
3,0.03146809191175296,8,0.001984126984126984,0
1,0.004847398986882528,12,0.002976190476190476,0
3,0.9946588787342385,10,0.00248015873015873,0
2,0.14195596711478042,10,0.00248015873015873,0
3,0.2773067468132368,12,0.002976190476190476,0
3,0.02492158614895334,12,0.002976190476190476,0
2,0.34476422786833677,7,0.001736111111111111,0
2,0.8089849340690473,7,0.001736111111111111,0
3,0.2571697912775748,10,0.00248015873015873,0
1,0.04044205794912921,9,0.002232142857142857,0
2,0.26148235981650136,8,0.001984126984126984,0
1,0.4361757246771468,10,0.00248015873015873,0
3,0.15647323368806412,11,0.002728174603174603,0
1,0.6356737046931189,11,0.002728174603174603,0
3,0.3138198589284275,9,0.002232142857142857,0
3,0.688530702488815,9,0.002232142857142857,0
1,0.293055401622099,8,0.001984126984126984,0
3,0.042223077552277,11,0.002728174603174603,0
2,0.11118509570234839,12,0.002976190476190476,0
3,0.06761692723890662,8,0.001984126984126984,0
3,0.7184972907777906,9,0.002232142857142857,0
2,0.42863540807203426,7,0.001736111111111111,0
2,0.3384726160078043,9,0.002232142857142857,0
1,0.1074169062790118,12,0.002976190476190476,0
3,0.06101873796957385,9,0.002232142857142857,0
1,0.4237312457847659,12,0.002976190476190476,0
1,0.19282631660200408,8,0.001984126984126984,0
3,0.07677346377100026,7,0.001736111111111111,0
2,0.2876201323165311,6,0.001488095238095238,0
3,0.012350945294378187,9,0.002232142857142857,0
3,0.11843334076302173,19,0.004712301587301587,0
1,0.18964779612704905,17,0.004216269841269841,0
1,0.04803595491633204,15,0.003720238095238095,0
1,1.2530794641691603,16,0.003968253968253968,0
3,0.07037412278878273,12,0.002976190476190476,0
2,0.04190041389998562,16,0.003968253968253968,0
1,0.06827158035114547,19,0.004712301587301587,0
3,0.4396806747594875,14,0.003472222222222222,0
1,0.16627950975589206,15,0.003720238095238095,0
2,0.25000976660025825,21,0.005208333333333333,0
3,0.006369896970989183,20,0.00496031746031746,0
1,0.010511410104580213,12,0.002976190476190476,0
1,0.1770827249381821,20,0.00496031746031746,0
3,0.5089160944666739,21,0.005208333333333333,0
3,0.6494707551469671,14,0.003472222222222222,0
2,0.027209416911285984,14,0.003472222222222222,0
2,0.2318929896579151,15,0.003720238095238095,0
1,0.7333472170918631,14,0.003472222222222222,0
1,0.14729354355091448,22,0.005456349206349206,0
1,0.5308218494705272,22,0.005456349206349206,0
2,0.04305569814655689,14,0.003472222222222222,0
3,0.8218366717713822,20,0.00496031746031746,0
3,0.4176011699051768,14,0.003472222222222222,0
2,0.8507704894928402,14,0.003472222222222222,0
3,0.33867558657557895,16,0.003968253968253968,0
2,0.13548598221459313,17,0.004216269841269841,0
2,0.8350641927635636,19,0.004712301587301587,0
3,0.09670970708638453,16,0.003968253968253968,0
2,0.12111762160845671,15,0.003720238095238095,0
2,0.3620013504930501,19,0.004712301587301587,0
2,0.434854988063027,18,0.004464285714285714,0
1,0.7952323446017414,22,0.005456349206349206,0
2,0.06874939594248211,16,0.003968253968253968,0
1,0.4798433564972192,16,0.003968253968253968,0
2,0.40244913702103746,17,0.004216269841269841,0
1,0.01977610062214703,20,0.00496031746031746,0
1,0.14692632730208544,22,0.005456349206349206,0
1,0.09970571244079458,11,0.002728174603174603,0
2,0.10893314991317568,19,0.004712301587301587,0
3,1.2214266224035915,20,0.00496031746031746,0
2,0.30881885995194025,13,0.003224206349206349,0
1,0.3794101470915831,16,0.003968253968253968,0
1,1.1267319816682393,17,0.004216269841269841,0
3,0.14205981030986223,14,0.003472222222222222,0
2,0.48560440316586123,19,0.004712301587301587,0
3,0.17102992163373362,21,0.005208333333333333,0
2,0.6109920321250223,15,0.003720238095238095,0
2,0.05977594201476892,22,0.005456349206349206,0
3,0.8851483925875163,22,0.005456349206349206,0
2,0.07406635952505333,18,0.004464285714285714,0
1,0.11845571498750063,22,0.005456349206349206,0
2,0.4234125626704776,13,0.003224206349206349,0
1,0.15014139530971107,22,0.005456349206349206,0
3,0.28110984332146643,18,0.004464285714285714,0
1,0.17640569814400855,19,0.004712301587301587,0
3,0.4068691763151863,11,0.002728174603174603,0
3,0.07775997132570157,11,0.002728174603174603,0
1,0.018070892597679158,21,0.005208333333333333,0
1,0.10697222648162208,11,0.002728174603174603,0
2,0.19291231614814683,13,0.003224206349206349,0
3,0.055184081893347045,14,0.003472222222222222,0
1,0.13145721958780673,22,0.005456349206349206,0
1,0.15323919639673683,11,0.002728174603174603,0
1,0.017731383460916073,19,0.004712301587301587,0
2,0.26262184048666853,16,0.003968253968253968,0
1,0.6471390195116774,20,0.00496031746031746,0
3,0.049371456134740865,21,0.005208333333333333,0
3,0.27324771772928463,18,0.004464285714285714,0
3,0.3278539671665916,18,0.004464285714285714,0
1,0.16307421904078037,11,0.002728174603174603,0
3,0.3622914414028294,19,0.004712301587301587,0
2,0.1586620246864955,11,0.002728174603174603,0
1,0.2107395099552186,19,0.004712301587301587,0
3,0.002214063432404104,15,0.003720238095238095,0
3,0.35302415649090335,15,0.003720238095238095,0
1,0.3248299605605408,19,0.004712301587301587,0
3,0.01174728826878521,21,0.005208333333333333,0
2,0.13777851081303039,13,0.003224206349206349,0
1,1.159425066021157,12,0.002976190476190476,0
3,0.16379937538685574,13,0.003224206349206349,0
1,0.20911367391507232,16,0.003968253968253968,0
2,0.722150966745745,13,0.003224206349206349,0
2,0.37897024984846633,14,0.003472222222222222,0
1,0.2617324915028397,13,0.003224206349206349,0
2,0.4795563374090334,15,0.003720238095238095,0
3,0.5993391485898004,11,0.002728174603174603,0
3,0.1831319552677945,11,0.002728174603174603,0
2,0.19336903412695086,9,0.002232142857142857,0
3,0.14635299340914135,8,0.001984126984126984,0
1,1.0207146851806461,14,0.003472222222222222,0
2,0.3583713954263945,14,0.003472222222222222,0
3,0.026067327844405654,15,0.003720238095238095,0
1,0.596243902869777,8,0.001984126984126984,0
3,0.19650115706485324,10,0.00248015873015873,0
1,0.021369511233977987,15,0.003720238095238095,0
2,0.23936387150099891,13,0.003224206349206349,0
3,0.16195497433777298,9,0.002232142857142857,0
3,0.6305046847318853,8,0.001984126984126984,0
1,0.06844479413266266,11,0.002728174603174603,0
3,0.5254121161572433,15,0.003720238095238095,0
2,0.24472239787062713,8,0.001984126984126984,0
1,0.016847417682229172,12,0.002976190476190476,0
3,1.0710123068135893,8,0.001984126984126984,0
1,0.21561042439532843,13,0.003224206349206349,0
1,0.10311782344652623,11,0.002728174603174603,0
3,0.19012791965322792,10,0.00248015873015873,0
3,0.5852781594141686,14,0.003472222222222222,0
1,0.10911121612713952,12,0.002976190476190476,0
1,0.06420920862301187,11,0.002728174603174603,0
3,0.041458531343254564,14,0.003472222222222222,0
3,0.10608648234530904,16,0.003968253968253968,0
2,0.4543039001928155,14,0.003472222222222222,0
3,0.19138548115816478,10,0.00248015873015873,0
3,0.07742983695145202,9,0.002232142857142857,0
3,0.05452311699107556,13,0.003224206349206349,0
1,0.12136791985488912,9,0.002232142857142857,0
2,0.843645317567342,11,0.002728174603174603,0
1,0.12603357592692238,13,0.003224206349206349,0
3,1.3299726353226946,14,0.003472222222222222,0
2,0.1992107896180724,8,0.001984126984126984,0
2,0.059229553900094975,16,0.003968253968253968,0
1,0.6653080407605304,14,0.003472222222222222,0
3,0.18505333633903445,15,0.003720238095238095,0
2,0.37102250983171575,11,0.002728174603174603,0
3,1.2351903150336965,18,0.004464285714285714,0
3,0.015443367212575868,15,0.003720238095238095,0
1,0.03050835967405559,18,0.004464285714285714,0
2,0.3823794681629618,12,0.002976190476190476,0
3,0.09931260348900643,10,0.00248015873015873,0
1,0.061113105376603194,13,0.003224206349206349,0
1,0.012047252046000035,15,0.003720238095238095,0
3,0.006626665505618586,11,0.002728174603174603,0
3,0.4468113833457685,15,0.003720238095238095,0
2,0.043311296762011293,14,0.003472222222222222,0
1,0.18917603086161147,10,0.00248015873015873,0
1,0.27934275406923187,13,0.003224206349206349,0
2,0.16776945383221853,14,0.003472222222222222,0
2,0.008244244398091566,10,0.00248015873015873,0
1,0.4590515015770599,10,0.00248015873015873,0
1,0.003170663670493626,15,0.003720238095238095,0
2,0.43050662508728305,17,0.004216269841269841,0
3,0.6713328712991117,17,0.004216269841269841,0
2,0.1701341066769282,10,0.00248015873015873,0
1,0.23006554896750492,10,0.00248015873015873,0
2,0.1944426184032661,17,0.004216269841269841,0
1,0.14789994483680155,18,0.004464285714285714,0
3,0.655239445653991,14,0.003472222222222222,0
2,0.6731067371051273,9,0.002232142857142857,0
2,0.12275898253991178,15,0.003720238095238095,0
2,0.286407942110476,10,0.00248015873015873,0
3,0.7848091100716444,17,0.004216269841269841,0
1,0.9815129253735088,18,0.004464285714285714,0
3,0.2133683201813714,11,0.002728174603174603,0
3,0.1808958734987242,15,0.003720238095238095,0
1,0.09800767775645779,11,0.002728174603174603,0
2,0.9573189122828225,13,0.003224206349206349,0
2,0.046230210888340374,16,0.003968253968253968,0
1,0.2601284636078098,10,0.00248015873015873,0
1,0.09961571791861572,15,0.003720238095238095,0
2,0.09813829204956964,15,0.003720238095238095,0
2,0.15574232415130349,10,0.00248015873015873,0
2,2.0158692484571312,13,0.003224206349206349,0
1,0.016960409395870058,16,0.003968253968253968,0
3,0.2592104157845731,18,0.004464285714285714,0
1,0.02585440455185219,16,0.003968253968253968,0
1,0.050355524173692885,11,0.002728174603174603,0
2,0.17371150156035783,9,0.002232142857142857,0
2,0.214286811785775,14,0.003472222222222222,0
3,0.08984236267972621,15,0.003720238095238095,0
2,0.11413977143303425,16,0.003968253968253968,0
2,0.027294982994213773,15,0.003720238095238095,0
3,0.10838557388265586,18,0.004464285714285714,0
1,1.0193867467837525,13,0.003224206349206349,0
2,0.8685347590485971,18,0.004464285714285714,0
3,0.12233556981672944,12,0.002976190476190476,0
2,0.2537873829383567,14,0.003472222222222222,0
1,0.7210380088792787,15,0.003720238095238095,0
2,0.001860906498581899,13,0.003224206349206349,0
3,0.49930062986005713,16,0.003968253968253968,0
3,0.8890931154847903,12,0.002976190476190476,0
2,0.02873057778790255,15,0.003720238095238095,0
2,0.05282349291665878,15,0.003720238095238095,0
2,0.9713128926845482,10,0.00248015873015873,0
3,0.23135865685708443,12,0.002976190476190476,0
3,0.00428951121285274,17,0.004216269841269841,0
1,0.08937306006654772,17,0.004216269841269841,0
1,0.17932037867368628,16,0.003968253968253968,0
3,0.3541832605931914,12,0.002976190476190476,0
2,0.39633224047011456,13,0.003224206349206349,0
3,1.6159160005491149,10,0.00248015873015873,0
2,0.10169732561886399,16,0.003968253968253968,0
1,0.23180007371726594,13,0.003224206349206349,0
1,0.22863572501833965,13,0.003224206349206349,0
3,0.1560836794675308,11,0.002728174603174603,0
3,0.055596096362336686,15,0.003720238095238095,0
2,1.1376933917034207,10,0.00248015873015873,0
2,0.5758448267663576,18,0.004464285714285714,0
2,0.20694563472483032,18,0.004464285714285714,0
2,0.2773312147841668,17,0.004216269841269841,0
3,0.0773442006774383,15,0.003720238095238095,0
2,0.23543868826803052,10,0.00248015873015873,0
3,0.35620367489313104,9,0.002232142857142857,0
3,0.21718525073577682,5,0.001240079365079365,0
1,1.390230526569101,6,0.001488095238095238,0
3,0.28351638449566213,10,0.00248015873015873,0
2,0.13907466923210535,6,0.001488095238095238,0
3,0.44372299806549187,9,0.002232142857142857,0
1,0.05606609291353556,9,0.002232142857142857,0
3,0.14560380784291,10,0.00248015873015873,0
3,0.1278345865661309,8,0.001984126984126984,0
2,0.16958828898903505,8,0.001984126984126984,0
1,0.45667522592052795,5,0.001240079365079365,0
1,0.19859517101624688,7,0.001736111111111111,0
1,0.4739847778725347,9,0.002232142857142857,0
3,0.2577526687481754,9,0.002232142857142857,0
3,0.12559676310615722,9,0.002232142857142857,0
3,0.4981858013187258,9,0.002232142857142857,0
1,0.08165668219552409,8,0.001984126984126984,0
2,0.07622892338853117,8,0.001984126984126984,0
2,0.2106581479350492,10,0.00248015873015873,0
3,0.09067601444808712,10,0.00248015873015873,0
3,0.002738572166596967,6,0.001488095238095238,0
2,0.3134909126446554,5,0.001240079365079365,0
2,0.21467540156017254,5,0.001240079365079365,0
2,0.17691617995111147,8,0.001984126984126984,0
1,1.0230882209720482,5,0.001240079365079365,0
3,0.25402882984673775,6,0.001488095238095238,0
2,0.5972788584991586,7,0.001736111111111111,0
2,0.04505515012434221,8,0.001984126984126984,0
1,0.25263790093024274,9,0.002232142857142857,0
2,0.6074397076073125,7,0.001736111111111111,0
2,0.26247681117871285,5,0.001240079365079365,0
2,0.37976954590621836,10,0.00248015873015873,0
3,0.1395853471253025,8,0.001984126984126984,0
2,0.029101825734315575,5,0.001240079365079365,0
2,0.18369160113913177,5,0.001240079365079365,0
3,0.15050000399054464,5,0.001240079365079365,0
1,0.6053576256776462,7,0.001736111111111111,0
3,0.08391230670072858,5,0.001240079365079365,0
3,1.0209678793520893,6,0.001488095238095238,0
3,0.9520138940077315,10,0.00248015873015873,0
3,0.08535877158653496,10,0.00248015873015873,0
2,0.12833712196365477,16,0.003968253968253968,0
2,0.6777305266140935,15,0.003720238095238095,0
1,1.019959469009373,14,0.003472222222222222,0
3,0.1757936056162172,10,0.00248015873015873,0
1,0.11613894011657207,14,0.003472222222222222,0
2,0.22402389514566134,8,0.001984126984126984,0
3,0.3492037924338766,11,0.002728174603174603,0
2,0.09584451538697777,14,0.003472222222222222,0
2,0.40008003362406463,8,0.001984126984126984,0
3,0.015911821316154463,11,0.002728174603174603,0
1,0.015165279243671281,12,0.002976190476190476,0
3,0.14646871074187495,9,0.002232142857142857,0
3,0.130842184609962,9,0.002232142857142857,0
3,0.11377838107163056,10,0.00248015873015873,0
2,0.2026038268940681,13,0.003224206349206349,0
1,0.11602255819496532,15,0.003720238095238095,0
1,0.06405374323289857,12,0.002976190476190476,0
3,0.11108856219176497,15,0.003720238095238095,0
3,1.1055173036456658,13,0.003224206349206349,0
3,0.15885650173123173,14,0.003472222222222222,0
3,0.17648093397851902,14,0.003472222222222222,0
3,0.2577924012552251,9,0.002232142857142857,0
2,1.2284372299830204,13,0.003224206349206349,0
2,0.08296380333203245,10,0.00248015873015873,0
3,0.34303467795278697,12,0.002976190476190476,0
3,0.3776181438880267,9,0.002232142857142857,0
3,0.28043144881164084,10,0.00248015873015873,0
2,0.027824890320239205,9,0.002232142857142857,0
1,0.33891228091418635,12,0.002976190476190476,0
1,0.019872298388626888,10,0.00248015873015873,0
2,0.27200806689548046,10,0.00248015873015873,0
3,0.4036392261496206,14,0.003472222222222222,0
2,0.07108523922583873,10,0.00248015873015873,0
3,0.5528312237285382,14,0.003472222222222222,0
2,0.009247206598079821,10,0.00248015873015873,0
2,0.5570101196202519,16,0.003968253968253968,0
3,0.18503870345909815,10,0.00248015873015873,0
3,0.07361212385475933,10,0.00248015873015873,0
2,0.04308426588581483,14,0.003472222222222222,0
1,0.9192493822524054,17,0.004216269841269841,0
2,0.022632309457176928,21,0.005208333333333333,0
1,0.06660329035469228,17,0.004216269841269841,0
1,0.1282314842722147,19,0.004712301587301587,0
1,0.29046067226966915,15,0.003720238095238095,0
2,0.23610623410411907,20,0.00496031746031746,0
3,0.04028012492345394,22,0.005456349206349206,0
2,0.1026321782470812,18,0.004464285714285714,0
3,0.08183873595315659,19,0.004712301587301587,0
2,0.07206511366779976,23,0.005704365079365079,0
2,0.15887225364226495,19,0.004712301587301587,0
1,0.36525062671786074,13,0.003224206349206349,0
3,0.07356036235670838,12,0.002976190476190476,0
1,0.13703330592695945,16,0.003968253968253968,0
1,0.1487404297061181,16,0.003968253968253968,0
1,1.124672026610027,20,0.00496031746031746,0
2,0.9281117545162775,14,0.003472222222222222,0
2,0.4830378188747158,21,0.005208333333333333,0
3,0.08298660660389712,24,0.005952380952380952,0
2,0.021138750503122746,20,0.00496031746031746,0
3,0.11433602235957865,13,0.003224206349206349,0
3,0.09309879873070868,13,0.003224206349206349,0
2,0.21152087128218586,24,0.005952380952380952,0
3,0.4511559051768931,17,0.004216269841269841,0
3,0.5862615086392929,24,0.005952380952380952,0
1,0.5590361033904065,24,0.005952380952380952,0
3,0.1337340886463701,19,0.004712301587301587,0
3,0.3486903210033022,15,0.003720238095238095,0
2,0.11255390193562846,13,0.003224206349206349,0
3,0.018851763569767893,22,0.005456349206349206,0
1,0.3627612045875466,16,0.003968253968253968,0
1,0.0029628485097760514,19,0.004712301587301587,0
2,0.1578744767820447,17,0.004216269841269841,0
1,0.11986545953145358,19,0.004712301587301587,0
1,0.3546414166024415,24,0.005952380952380952,0
1,0.4360451229392576,15,0.003720238095238095,0
3,0.10876247973472535,21,0.005208333333333333,0
3,0.5007993947682405,17,0.004216269841269841,0
3,0.10440664364141629,21,0.005208333333333333,0
1,0.17735395898087933,20,0.00496031746031746,0
1,0.3895054051862145,14,0.003472222222222222,0
1,0.35419431764662446,11,0.002728174603174603,0
3,1.311467817859197,16,0.003968253968253968,0
3,0.07653001331954265,15,0.003720238095238095,0
3,0.3256951196152219,19,0.004712301587301587,0
1,0.28223797574694914,16,0.003968253968253968,0
3,0.7398788945831851,15,0.003720238095238095,0
2,0.051009586273403545,20,0.00496031746031746,0
2,0.41805390219434324,19,0.004712301587301587,0
3,0.2519855043157046,12,0.002976190476190476,0
1,0.09633685831110568,17,0.004216269841269841,0
1,0.19298437237163182,15,0.003720238095238095,0
3,0.12183906745619186,13,0.003224206349206349,0
3,0.25976014415912174,13,0.003224206349206349,0
1,0.6594691741559313,13,0.003224206349206349,0
3,0.25270651794175564,16,0.003968253968253968,0
1,0.2996754981382198,21,0.005208333333333333,0
2,0.21940917595868184,18,0.004464285714285714,0
1,0.01575626894181762,20,0.00496031746031746,0
3,0.07952522512917663,15,0.003720238095238095,0
3,0.20318317074099412,17,0.004216269841269841,0
2,0.11142141914274449,18,0.004464285714285714,0
1,0.060181195151997484,21,0.005208333333333333,0
1,0.2104341643732747,17,0.004216269841269841,0
3,0.11694092715150071,22,0.005456349206349206,0
2,0.0895653354002856,22,0.005456349206349206,0
2,0.18707817360404178,18,0.004464285714285714,0
2,0.04291326598620729,16,0.003968253968253968,0
3,0.7882691687860824,11,0.002728174603174603,0
3,0.6068097195825696,12,0.002976190476190476,0
3,0.3689108868762922,18,0.004464285714285714,0
3,0.03368661394938409,21,0.005208333333333333,0
3,0.44866842182730116,16,0.003968253968253968,0
1,0.4950113046647727,19,0.004712301587301587,0
2,0.4380011528506634,14,0.003472222222222222,0
2,0.036299948098647346,14,0.003472222222222222,0
2,0.30976981019559274,15,0.003720238095238095,0
2,0.5393178024508817,15,0.003720238095238095,0
2,0.25836567390197784,19,0.004712301587301587,0
3,0.31188294179450127,14,0.003472222222222222,0
2,0.18394803862819697,7,0.001736111111111111,0
1,0.2256827929306921,8,0.001984126984126984,0
3,0.01049449302135589,14,0.003472222222222222,0
1,0.3056324681064325,8,0.001984126984126984,0
1,0.0254867714950271,14,0.003472222222222222,0
2,0.1712866136579925,7,0.001736111111111111,0
2,0.10387106784441066,10,0.00248015873015873,0
3,0.23651965576249648,9,0.002232142857142857,0
3,0.04295898599538827,11,0.002728174603174603,0
1,0.3529495139774256,11,0.002728174603174603,0
1,0.47544047373817006,12,0.002976190476190476,0
2,0.05350643237392796,8,0.001984126984126984,0
2,0.03304930647582758,9,0.002232142857142857,0
1,0.04717706871295437,13,0.003224206349206349,0
3,0.6289825651091749,11,0.002728174603174603,0
3,0.22535320563217215,10,0.00248015873015873,0
2,0.1889170944916755,8,0.001984126984126984,0
3,0.03385381175820478,8,0.001984126984126984,0
1,0.31456631289244225,10,0.00248015873015873,0
2,0.6074850794090043,8,0.001984126984126984,0
1,0.5284026066233379,10,0.00248015873015873,0
3,0.29509373188949983,14,0.003472222222222222,0
1,0.023478870652018254,7,0.001736111111111111,0
3,0.035769221593758185,12,0.002976190476190476,0
1,0.015169853043587844,13,0.003224206349206349,0
3,0.089311325232329,9,0.002232142857142857,0
2,0.04373722995102779,8,0.001984126984126984,0
1,0.09035100424539413,13,0.003224206349206349,0
1,0.14586822455236906,8,0.001984126984126984,0
1,0.8593206068732699,12,0.002976190476190476,0
2,0.28277197827080336,11,0.002728174603174603,0
1,0.5404952829156251,13,0.003224206349206349,0
1,0.37172614877283505,9,0.002232142857142857,0
1,0.035805085497821576,7,0.001736111111111111,0
3,0.3994514190801997,9,0.002232142857142857,0
2,0.09651600653598393,12,0.002976190476190476,0
3,0.3057528331260495,10,0.00248015873015873,0
3,0.1250922129068932,9,0.002232142857142857,0
2,1.818857652510444,14,0.003472222222222222,0
1,0.09177478290184186,9,0.002232142857142857,0
1,0.09818913484503611,9,0.002232142857142857,0
3,0.8006730300813201,14,0.003472222222222222,0
2,0.0074859483847394956,14,0.003472222222222222,0
2,0.3578989671726352,10,0.00248015873015873,0
1,0.387651528483952,12,0.002976190476190476,0
3,0.5430599755385457,9,0.002232142857142857,0
1,1.1000099038532414,16,0.003968253968253968,0
3,1.113975241121259,12,0.002976190476190476,0
3,0.020251437271984113,8,0.001984126984126984,0
3,0.5175208364094636,12,0.002976190476190476,0
1,0.31180028044348984,16,0.003968253968253968,0
3,0.3126770733698085,16,0.003968253968253968,0
1,0.04121016828049916,14,0.003472222222222222,0
2,0.31510710864233343,8,0.001984126984126984,0
1,1.2133678496743727,15,0.003720238095238095,0
2,0.7285076631395503,9,0.002232142857142857,0
1,0.17348019226409905,15,0.003720238095238095,0
3,0.012230340448521575,9,0.002232142857142857,0
3,0.13496313514539587,8,0.001984126984126984,0
2,0.5252837008681727,13,0.003224206349206349,0
1,0.3626947007961188,14,0.003472222222222222,0
3,0.18449142746536623,14,0.003472222222222222,0
2,0.017003340562049954,16,0.003968253968253968,0
3,0.16700575741973608,10,0.00248015873015873,0
2,0.18991206788905346,9,0.002232142857142857,0
1,0.7916504444674198,9,0.002232142857142857,0
1,0.30740182863239834,12,0.002976190476190476,0
1,0.11203862599507294,8,0.001984126984126984,0
1,0.22353321898223075,14,0.003472222222222222,0
3,0.020501417577095726,12,0.002976190476190476,0
3,1.0788160962543838,16,0.003968253968253968,0
2,0.13391421113268887,14,0.003472222222222222,0
3,0.19495008420540152,14,0.003472222222222222,0
1,0.13168359878054414,16,0.003968253968253968,0
3,0.34419432197392724,10,0.00248015873015873,0
2,0.32561894353742965,9,0.002232142857142857,0
2,0.3769192958450222,9,0.002232142857142857,0
3,0.09365113591056612,11,0.002728174603174603,0
1,0.11379384063499763,16,0.003968253968253968,0
2,0.04014556653135908,19,0.004712301587301587,0
3,0.3197070404398948,20,0.00496031746031746,0
3,0.012183207346306577,20,0.00496031746031746,0
1,0.273153987682236,14,0.003472222222222222,0
3,0.6113652639733176,16,0.003968253968253968,0
3,0.664460597181517,13,0.003224206349206349,0
1,0.17882670083836286,13,0.003224206349206349,0
1,0.184469251139814,16,0.003968253968253968,0
1,0.024027797153903314,17,0.004216269841269841,0
3,0.33329507242871004,19,0.004712301587301587,0
1,0.5165459400550005,14,0.003472222222222222,0
3,0.08417422582600259,20,0.00496031746031746,0
3,0.16409177816271264,12,0.002976190476190476,0
1,0.5476060509860722,10,0.00248015873015873,0
3,0.6289652446306381,12,0.002976190476190476,0
3,0.0835889425365331,10,0.00248015873015873,0
1,0.2399329732998107,17,0.004216269841269841,0
2,0.0641411225209694,18,0.004464285714285714,0
3,0.03223506397991761,14,0.003472222222222222,0
1,0.7261421324670957,15,0.003720238095238095,0
1,0.5152865634704179,14,0.003472222222222222,0
3,0.4281785371185475,11,0.002728174603174603,0
1,0.014998657523670385,15,0.003720238095238095,0
2,0.5568486818763909,14,0.003472222222222222,0
3,0.17289955771257043,11,0.002728174603174603,0
2,0.12574530580651272,19,0.004712301587301587,0
3,0.23721236554569342,11,0.002728174603174603,0
2,0.02873965985639356,17,0.004216269841269841,0
3,0.42397210890925696,15,0.003720238095238095,0
1,0.2619945726964861,17,0.004216269841269841,0
3,0.06195603318163879,12,0.002976190476190476,0
2,0.06256228200648309,12,0.002976190476190476,0
2,0.0610937071557523,11,0.002728174603174603,0
3,0.017607458466095852,20,0.00496031746031746,0
3,0.26587285460940846,11,0.002728174603174603,0
1,0.5504279834532804,18,0.004464285714285714,0
1,0.005295935224749638,10,0.00248015873015873,0
1,0.015073830225225066,13,0.003224206349206349,0
1,0.2551300250138568,17,0.004216269841269841,0
2,0.5136001793449528,16,0.003968253968253968,0
1,0.11868661386865498,7,0.001736111111111111,0
3,0.1290569578145552,13,0.003224206349206349,0
1,0.2721595308297151,12,0.002976190476190476,0
1,0.09614956286025882,13,0.003224206349206349,0
3,0.00809063289489954,12,0.002976190476190476,0
2,0.39866644724318684,8,0.001984126984126984,0
3,0.29476915732387265,12,0.002976190476190476,0
1,0.2607906562196598,7,0.001736111111111111,0
1,0.40607164100369963,10,0.00248015873015873,0
3,0.3373921855304647,7,0.001736111111111111,0
2,0.06915695978428044,8,0.001984126984126984,0
2,0.13038216441206274,11,0.002728174603174603,0
2,0.04044027944852319,12,0.002976190476190476,0
1,0.04172931853339272,14,0.003472222222222222,0
1,0.3382848303559954,12,0.002976190476190476,0
1,0.5868489846344115,11,0.002728174603174603,0
3,0.9868907688212407,11,0.002728174603174603,0
3,0.29693849160623076,10,0.00248015873015873,0
2,0.06103953075400402,12,0.002976190476190476,0
3,0.033497540339981265,14,0.003472222222222222,0
1,0.5027550107594475,10,0.00248015873015873,0
1,0.25936325147463457,7,0.001736111111111111,0
2,0.2889243231527973,7,0.001736111111111111,0
1,0.45623873179608826,12,0.002976190476190476,0
3,0.3644871008406067,7,0.001736111111111111,0
2,0.5395595602112111,7,0.001736111111111111,0
3,0.01735671998397894,13,0.003224206349206349,0
3,0.41292772898877106,11,0.002728174603174603,0
1,0.5708463765296111,10,0.00248015873015873,0
3,0.10111844088795863,10,0.00248015873015873,0
2,0.3068683343232789,14,0.003472222222222222,0
1,0.11313417714801798,9,0.002232142857142857,0
3,0.9508191013805746,11,0.002728174603174603,0
1,0.010198472048546023,7,0.001736111111111111,0
1,0.26010223809989835,13,0.003224206349206349,0
3,0.05463774972259198,12,0.002976190476190476,0
2,0.3736679077837307,8,0.001984126984126984,0
3,0.058035482023666284,8,0.001984126984126984,0
3,0.08051416999247019,9,0.002232142857142857,0
3,0.20458551194944574,13,0.003224206349206349,0
3,0.738949242161242,10,0.00248015873015873,0
1,0.07136843487236592,9,0.002232142857142857,0
3,0.046729602198558776,7,0.001736111111111111,0
1,0.42685866501787045,8,0.001984126984126984,0
2,0.20831610405093806,12,0.002976190476190476,0
2,0.7283938609068014,12,0.002976190476190476,0
2,0.047563189863831165,11,0.002728174603174603,0
3,0.31147640836963614,8,0.001984126984126984,0
2,0.07953327692413867,9,0.002232142857142857,0
2,0.051151251698698406,7,0.001736111111111111,0
1,0.3450627136145436,7,0.001736111111111111,0
1,0.2701876868032991,12,0.002976190476190476,0
3,0.4217379194171599,6,0.001488095238095238,0
1,0.11108553295219716,6,0.001488095238095238,0
1,0.17824676606686404,9,0.002232142857142857,0
2,0.15599607634324905,8,0.001984126984126984,0
2,1.2422321236775498,6,0.001488095238095238,0
3,0.10369886428163332,8,0.001984126984126984,0
1,0.10478948201347497,9,0.002232142857142857,0
2,0.13134142678783686,9,0.002232142857142857,0
2,0.24944296096347562,12,0.002976190476190476,0
1,0.08723516112263037,6,0.001488095238095238,0
1,0.7405562750152034,12,0.002976190476190476,0
3,0.09264538690734328,8,0.001984126984126984,0
3,0.6784782407180004,11,0.002728174603174603,0
3,0.032768751328229324,6,0.001488095238095238,0
1,0.3206252171157353,12,0.002976190476190476,0
2,0.7125000246700516,7,0.001736111111111111,0
1,0.055447203420344676,11,0.002728174603174603,0
1,1.0356868308828784,8,0.001984126984126984,0
2,0.18092797926579954,10,0.00248015873015873,0
1,0.8740527992773262,11,0.002728174603174603,0
2,0.33886379113210674,8,0.001984126984126984,0
1,0.10768334230135977,6,0.001488095238095238,0
2,0.06258827276187805,12,0.002976190476190476,0
2,0.1086075031131514,10,0.00248015873015873,0
3,0.029289607016138745,10,0.00248015873015873,0
1,0.04659920094267115,6,0.001488095238095238,0
2,0.03316567091967891,6,0.001488095238095238,0
1,0.16494455183753737,6,0.001488095238095238,0
1,0.47627119048340993,6,0.001488095238095238,0
1,0.045729890756888436,6,0.001488095238095238,0
2,0.04188913475068666,7,0.001736111111111111,0
3,0.3093665276681317,10,0.00248015873015873,0
3,0.06588853918167856,5,0.001240079365079365,0
3,0.030812556627361466,9,0.002232142857142857,0
2,0.05476196234106525,5,0.001240079365079365,0
1,0.7720481714261018,5,0.001240079365079365,0
1,0.5169016925569621,10,0.00248015873015873,0
2,0.13111671657605825,6,0.001488095238095238,0
1,0.31997781962525335,7,0.001736111111111111,0
1,0.23118714291350895,5,0.001240079365079365,0
2,0.33914632393386207,5,0.001240079365079365,0
1,0.34434500066125534,9,0.002232142857142857,0
2,0.2972509598144091,10,0.00248015873015873,0
2,0.09281530925374717,8,0.001984126984126984,0
1,0.011936265410712948,8,0.001984126984126984,0
3,0.18240299772421972,8,0.001984126984126984,0
1,0.6648503506369647,7,0.001736111111111111,0
1,0.25284047610037164,6,0.001488095238095238,0
2,0.5358364925689909,7,0.001736111111111111,0
2,1.4347277255872697,6,0.001488095238095238,0
1,0.053600305585846025,9,0.002232142857142857,0
3,0.353080141695596,9,0.002232142857142857,0
1,0.3365276508482607,10,0.00248015873015873,0
2,1.1729393552507428,8,0.001984126984126984,0
2,1.2721734127930835,9,0.002232142857142857,0
2,0.3481577446910089,5,0.001240079365079365,0
1,0.08376134944682939,7,0.001736111111111111,0
2,0.4806729144926327,6,0.001488095238095238,0
2,0.033960397120258584,6,0.001488095238095238,0
3,0.4551934351834016,9,0.002232142857142857,0
1,0.7230381430899572,10,0.00248015873015873,0
3,0.14478488005210882,5,0.001240079365079365,0
2,0.2987912287706344,10,0.00248015873015873,0
2,0.1687108070094211,8,0.001984126984126984,0
3,0.1727506394475396,8,0.001984126984126984,0
2,0.11148040390598615,9,0.002232142857142857,0
3,0.4308088132238705,7,0.001736111111111111,0
2,0.8254904469804525,7,0.001736111111111111,0
1,0.8478012002758483,12,0.002976190476190476,0
3,0.057632045562059156,10,0.00248015873015873,0
1,0.6232178516872952,11,0.002728174603174603,0
1,0.40117291666053634,14,0.003472222222222222,0
3,0.08744173433318868,12,0.002976190476190476,0
3,0.020896552810574533,10,0.00248015873015873,0
1,0.09359130937898551,8,0.001984126984126984,0
1,0.7298362787229635,10,0.00248015873015873,0
2,0.3008641206167395,7,0.001736111111111111,0
1,0.3830218300655177,13,0.003224206349206349,0
2,0.0891792911666305,9,0.002232142857142857,0
1,0.38123487034152725,10,0.00248015873015873,0
3,0.008557346638327754,12,0.002976190476190476,0
3,0.141155374411397,12,0.002976190476190476,0
3,0.29565474417462617,7,0.001736111111111111,0
3,0.047381149797394745,12,0.002976190476190476,0
3,0.5194877223683017,9,0.002232142857142857,0
3,0.0803761078416638,10,0.00248015873015873,0
2,0.31690827633165836,11,0.002728174603174603,0
1,0.1558575781195438,14,0.003472222222222222,0
1,0.2719344949325349,8,0.001984126984126984,0
1,0.03410200909384043,10,0.00248015873015873,0
3,0.005117236395879541,10,0.00248015873015873,0
1,0.7209352759666459,14,0.003472222222222222,0
1,0.09426121077993456,12,0.002976190476190476,0
3,0.5139016821476319,10,0.00248015873015873,0
1,2.2017001700625998,12,0.002976190476190476,0
3,0.071260708696437,9,0.002232142857142857,0
2,0.09243513230552286,7,0.001736111111111111,0
1,0.3261769124182972,9,0.002232142857142857,0
3,1.0095924630091235,9,0.002232142857142857,0
1,0.7424192334961385,12,0.002976190476190476,0
1,0.20967444648040254,12,0.002976190476190476,0
3,0.47558502244290973,13,0.003224206349206349,0
3,0.04376652057822276,8,0.001984126984126984,0
2,1.137448910454124,11,0.002728174603174603,0
2,1.000229055760128,9,0.002232142857142857,0
1,0.05364075161398228,13,0.003224206349206349,0
3,0.10675535277140173,14,0.003472222222222222,0
3,0.031659824982378675,12,0.002976190476190476,0
3,0.09511991772092368,12,0.002976190476190476,0
1,0.5077737825951573,9,0.002232142857142857,0
2,0.14259681661066897,11,0.002728174603174603,0
3,0.02776519639799262,11,0.002728174603174603,0
1,0.12566794476949478,9,0.002232142857142857,0
3,1.1951094272717038,7,0.001736111111111111,0
3,0.29801924724793694,13,0.003224206349206349,0
3,0.1614389781893739,7,0.001736111111111111,0
1,0.05465033544425866,12,0.002976190476190476,0
3,1.2844220227386072,10,0.00248015873015873,0
3,0.5158578915113587,8,0.001984126984126984,0
2,0.0991673951326215,9,0.002232142857142857,0
2,0.021793368578988073,8,0.001984126984126984,0
1,0.017487599763235315,12,0.002976190476190476,0
2,0.03847895376335415,9,0.002232142857142857,0
3,0.2607996615346661,8,0.001984126984126984,0
3,0.7925246536119609,12,0.002976190476190476,0
2,0.20599654663309486,7,0.001736111111111111,0
2,0.5553486865222999,10,0.00248015873015873,0
1,0.17711578676446033,8,0.001984126984126984,0
2,0.36990057620360683,11,0.002728174603174603,0
1,0.39488806509322755,7,0.001736111111111111,0
1,0.057334970052641536,13,0.003224206349206349,0
2,0.1344567006729431,13,0.003224206349206349,0
1,0.30425555355027945,13,0.003224206349206349,0
2,0.021996004369413704,13,0.003224206349206349,0
2,0.13460896391632568,13,0.003224206349206349,0
1,0.2295860133148085,14,0.003472222222222222,0
3,1.6737661837460018,10,0.00248015873015873,0
1,0.1930406876048342,14,0.003472222222222222,0
1,0.507938409460609,7,0.001736111111111111,0
2,0.16972569807066243,7,0.001736111111111111,0
2,0.47746572859291786,11,0.002728174603174603,0
1,0.27146788147785555,8,0.001984126984126984,0
2,0.653038107031461,9,0.002232142857142857,0
2,0.15876946976290873,9,0.002232142857142857,0
3,0.2781330300840986,8,0.001984126984126984,0
3,0.29829082883322894,8,0.001984126984126984,0
2,0.16206754663477288,14,0.003472222222222222,0
3,0.046754851895475444,7,0.001736111111111111,0
3,0.02946893559337339,13,0.003224206349206349,0
3,0.0050436255120620025,17,0.004216269841269841,0
1,0.62033516133098,11,0.002728174603174603,0
1,0.08094278879246267,16,0.003968253968253968,0
1,0.07128942967884469,14,0.003472222222222222,0
2,0.3995820832050007,22,0.005456349206349206,0
3,0.11570585304284556,22,0.005456349206349206,0
3,0.21159307090686574,19,0.004712301587301587,0
2,0.05320416829970067,21,0.005208333333333333,0
2,0.9637616945056207,15,0.003720238095238095,0
1,0.5723155857875369,12,0.002976190476190476,0
1,0.5980664095454243,17,0.004216269841269841,0
3,0.15665382473192024,19,0.004712301587301587,0
2,0.4311010388528969,13,0.003224206349206349,0
1,0.04660207050669638,16,0.003968253968253968,0
1,0.0025969083033161814,17,0.004216269841269841,0
1,0.006052526364180287,15,0.003720238095238095,0
3,0.2650031503390718,21,0.005208333333333333,0
3,0.18230830312537175,18,0.004464285714285714,0
1,0.21895290289413646,12,0.002976190476190476,0
1,0.002247338697517141,14,0.003472222222222222,0
1,0.16481101191979444,21,0.005208333333333333,0
2,0.3798269830937253,12,0.002976190476190476,0
2,0.17539208504908302,12,0.002976190476190476,0
2,0.395275970148792,17,0.004216269841269841,0
2,0.07958796100204835,18,0.004464285714285714,0
3,0.503221899857857,15,0.003720238095238095,0
1,0.2663337533806436,21,0.005208333333333333,0
3,0.07100662469866792,17,0.004216269841269841,0
1,0.08103928979148009,16,0.003968253968253968,0
2,0.2966829966199858,16,0.003968253968253968,0
1,0.5314804713010844,18,0.004464285714285714,0
1,0.16116514189263603,15,0.003720238095238095,0
2,0.08964330264383684,18,0.004464285714285714,0
2,0.6052480273719437,14,0.003472222222222222,0
2,0.3319343344121359,20,0.00496031746031746,0
1,0.17830863388944387,13,0.003224206349206349,0
3,0.2007707225532339,21,0.005208333333333333,0
1,0.06854350228620008,12,0.002976190476190476,0
3,0.29569435721016957,16,0.003968253968253968,0
3,0.1332972609300244,14,0.003472222222222222,0
3,1.6309413712990328,11,0.002728174603174603,0
2,0.19628383309818656,19,0.004712301587301587,0
2,0.19959284467126795,19,0.004712301587301587,0
3,0.25031078985563665,18,0.004464285714285714,0
3,0.7457937786768288,14,0.003472222222222222,0
2,0.48406104021289775,15,0.003720238095238095,0
1,0.179968136055131,17,0.004216269841269841,0
3,0.38049928622373674,11,0.002728174603174603,0
3,0.26473749139230607,20,0.00496031746031746,0
3,0.20339898881179938,20,0.00496031746031746,0
3,0.06407523142433263,20,0.00496031746031746,0
1,0.18705066405479612,12,0.002976190476190476,0
2,0.08463670174442618,13,0.003224206349206349,0
1,0.7389746052384601,14,0.003472222222222222,0
1,0.12257405254199877,13,0.003224206349206349,0
1,0.9126209259646452,17,0.004216269841269841,0
1,0.22846332675884323,21,0.005208333333333333,0
2,0.2995305015615769,14,0.003472222222222222,0
3,0.23488247345236232,13,0.003224206349206349,0
3,0.04156511583529139,15,0.003720238095238095,0
2,0.1413955330944582,22,0.005456349206349206,0
1,0.031323660394221124,12,0.002976190476190476,0
2,0.2926164600736053,19,0.004712301587301587,0
2,0.17765094246484361,19,0.004712301587301587,0
2,0.4515030611324077,15,0.003720238095238095,0
3,0.07471941661608793,18,0.004464285714285714,0
1,0.053941199585950034,22,0.005456349206349206,0
3,0.15643062824378032,20,0.00496031746031746,0
3,0.7834896673418986,17,0.004216269841269841,0
1,0.37179898481682316,17,0.004216269841269841,0
1,0.16286192280727108,13,0.003224206349206349,0
3,0.21849068478318504,20,0.00496031746031746,0
3,0.026391445891182315,12,0.002976190476190476,0
1,1.2515471468348554,20,0.00496031746031746,0
1,0.32935035159143444,15,0.003720238095238095,0
3,0.1008114080258265,16,0.003968253968253968,0
2,0.264427978895359,15,0.003720238095238095,0
2,0.03478571225032061,21,0.005208333333333333,0
2,1.012980719242162,20,0.00496031746031746,0
1,0.057633391756712476,14,0.003472222222222222,0
2,0.3132630713796571,18,0.004464285714285714,0
1,0.08449189443229795,21,0.005208333333333333,0
3,0.3792882107150394,22,0.005456349206349206,0
3,0.44993483532623607,18,0.004464285714285714,0
1,0.33572385216753914,18,0.004464285714285714,0
2,0.2859638057590503,23,0.005704365079365079,0
1,0.668993092383979,12,0.002976190476190476,0
3,0.024567004941144836,19,0.004712301587301587,0
2,0.12055314646755573,17,0.004216269841269841,0
1,0.0856203944596946,17,0.004216269841269841,0
2,1.3272038436131675,16,0.003968253968253968,0
2,0.14798893819222678,19,0.004712301587301587,0
3,0.3957171320975361,22,0.005456349206349206,0
1,0.3462931574831084,15,0.003720238095238095,0
1,0.07150808630524051,16,0.003968253968253968,0
3,0.08193566183485562,19,0.004712301587301587,0
2,0.09908693293454242,16,0.003968253968253968,0
3,0.1588635632409012,18,0.004464285714285714,0
3,0.08009927010029377,22,0.005456349206349206,0
1,0.005954142206601248,15,0.003720238095238095,0
2,0.6345655272799863,15,0.003720238095238095,0
2,1.010995365421849,23,0.005704365079365079,0
2,0.1253692960383507,24,0.005952380952380952,0
3,0.12397670856521066,17,0.004216269841269841,0
1,0.002135123761795361,20,0.00496031746031746,0
1,0.3420653973719187,13,0.003224206349206349,0
2,0.5236458479021526,23,0.005704365079365079,0
3,0.047560990350016465,18,0.004464285714285714,0
1,0.05218687886241469,24,0.005952380952380952,0
3,0.4683132765895835,21,0.005208333333333333,0
1,0.2873610511064776,14,0.003472222222222222,0
1,0.013769380861497201,15,0.003720238095238095,0
1,0.29229275882606154,15,0.003720238095238095,0
1,0.11084891778361729,19,0.004712301587301587,0
1,0.13800418244913396,17,0.004216269841269841,0
3,0.44055267144278876,15,0.003720238095238095,0
2,0.4996996280357247,17,0.004216269841269841,0
2,0.15342605356351324,20,0.00496031746031746,0
2,0.8821059365347373,22,0.005456349206349206,0
3,0.1564965748915194,6,0.001488095238095238,0
1,0.4433072294280158,8,0.001984126984126984,0
2,0.1984232047239116,10,0.00248015873015873,0
2,0.6834623732549657,7,0.001736111111111111,0
2,0.7150124657629566,10,0.00248015873015873,0
3,0.027442808467447895,8,0.001984126984126984,0
2,0.8269831079582909,7,0.001736111111111111,0
2,0.5238090666446346,11,0.002728174603174603,0
3,0.4700726413686459,6,0.001488095238095238,0
2,0.06728501258211084,6,0.001488095238095238,0
2,0.49061017029056936,6,0.001488095238095238,0
1,0.5694015823618195,12,0.002976190476190476,0
3,0.10238829371983556,12,0.002976190476190476,0
1,0.9125961898537026,12,0.002976190476190476,0
1,0.015343827271753643,11,0.002728174603174603,0
1,0.0487236522931784,11,0.002728174603174603,0
1,0.2313852513134494,8,0.001984126984126984,0
3,0.2572597465781834,9,0.002232142857142857,0
3,0.3108181046282384,6,0.001488095238095238,0
3,0.005134426429798313,6,0.001488095238095238,0
2,0.9684262463437451,7,0.001736111111111111,0
3,0.013683814494865368,7,0.001736111111111111,0
3,0.04631689596692858,12,0.002976190476190476,0
1,0.004234094443546302,7,0.001736111111111111,0
2,0.25100719815618294,10,0.00248015873015873,0
2,0.8076540178337198,11,0.002728174603174603,0
3,0.3289368339382783,11,0.002728174603174603,0
2,0.5189016630547507,9,0.002232142857142857,0
2,0.004011056218591406,12,0.002976190476190476,0
2,0.23427584946599989,9,0.002232142857142857,0
2,0.18461314974465637,7,0.001736111111111111,0
2,0.20732555890587104,8,0.001984126984126984,0
3,0.02248598944908294,10,0.00248015873015873,0
3,0.34601752207009523,9,0.002232142857142857,0
3,0.20988265257534403,6,0.001488095238095238,0
1,0.434641010756334,10,0.00248015873015873,0
3,0.19924586268027877,12,0.002976190476190476,0
2,0.04853751215867729,10,0.00248015873015873,0
3,0.31345630593813706,10,0.00248015873015873,0
3,0.056762656319474136,8,0.001984126984126984,0
3,0.6176436906125731,10,0.00248015873015873,0
2,0.2848892971263915,10,0.00248015873015873,0
2,0.051309061495520045,13,0.003224206349206349,0
3,0.9837315529976046,14,0.003472222222222222,0
2,0.2191709025645389,13,0.003224206349206349,0
3,0.022707652352809797,13,0.003224206349206349,0
1,0.2957186946632278,11,0.002728174603174603,0
3,0.08758692112645844,12,0.002976190476190476,0
1,0.48842334615736727,18,0.004464285714285714,0
2,0.5108314355082565,14,0.003472222222222222,0
3,1.1582187342411636,11,0.002728174603174603,0
3,0.2090679751125675,9,0.002232142857142857,0
3,0.18206711030492298,16,0.003968253968253968,0
2,0.42008829800700476,13,0.003224206349206349,0
2,0.042631782657223734,15,0.003720238095238095,0
2,0.23750300013624925,9,0.002232142857142857,0
3,0.2370610813347724,18,0.004464285714285714,0
1,0.028119558328881154,14,0.003472222222222222,0
3,0.16237724614041413,12,0.002976190476190476,0
3,0.5757785929858569,17,0.004216269841269841,0
3,0.5817028104811094,16,0.003968253968253968,0
3,0.031354150564428446,14,0.003472222222222222,0
3,0.02853095167634405,13,0.003224206349206349,0
1,0.09142628383890355,17,0.004216269841269841,0
1,0.6232715373555541,13,0.003224206349206349,0
1,0.041400439727522886,16,0.003968253968253968,0
1,0.3818862770071182,13,0.003224206349206349,0
3,0.03199694639122078,17,0.004216269841269841,0
1,0.2927627454637593,14,0.003472222222222222,0
3,0.1320483180228819,10,0.00248015873015873,0
1,0.4666468410484053,14,0.003472222222222222,0
1,0.07985072312055883,13,0.003224206349206349,0
2,0.3058309683533425,14,0.003472222222222222,0
2,0.08063161363942085,13,0.003224206349206349,0
3,0.375172905533301,13,0.003224206349206349,0
2,0.6206764049841085,10,0.00248015873015873,0
2,0.040677814407552706,9,0.002232142857142857,0
3,0.6043112479946511,18,0.004464285714285714,0
3,0.27010694845289146,18,0.004464285714285714,0
1,0.040783888715862984,16,0.003968253968253968,0
3,0.16734469680750524,9,0.002232142857142857,0
3,0.052613421259410535,14,0.003472222222222222,0
3,0.36153993203153195,12,0.002976190476190476,0
2,0.42672340051124646,8,0.001984126984126984,0
1,0.03354657712442749,10,0.00248015873015873,0
1,0.21165087134881916,13,0.003224206349206349,0
2,0.505612434226276,15,0.003720238095238095,0
1,0.8254268910954722,13,0.003224206349206349,0
3,0.216166530927187,10,0.00248015873015873,0
1,0.9003997191733404,15,0.003720238095238095,0
2,0.23016018870854466,10,0.00248015873015873,0
2,0.15035690695648884,8,0.001984126984126984,0
1,0.5655636071807577,15,0.003720238095238095,0
2,0.20376305229354852,11,0.002728174603174603,0
1,0.19154231197116908,10,0.00248015873015873,0
2,0.20218723961670906,9,0.002232142857142857,0
1,0.5627739382334678,14,0.003472222222222222,0
3,0.5350330181887527,14,0.003472222222222222,0
2,0.15501286627528899,14,0.003472222222222222,0
2,0.12162446975233245,14,0.003472222222222222,0
1,0.20313964694330325,8,0.001984126984126984,0
3,0.25513159306205935,11,0.002728174603174603,0
3,0.08167540646248149,13,0.003224206349206349,0
1,0.4738983295792801,13,0.003224206349206349,0
3,0.19994150634752034,11,0.002728174603174603,0
1,0.12196020054044422,8,0.001984126984126984,0
3,0.033890478716045246,11,0.002728174603174603,0
1,0.08187554196844847,13,0.003224206349206349,0
2,0.8944374214693517,10,0.00248015873015873,0
1,0.10919606339331724,14,0.003472222222222222,0
3,0.05548685147581769,12,0.002976190476190476,0
1,0.1852298480063264,9,0.002232142857142857,0
1,0.1100555704811669,12,0.002976190476190476,0
2,0.010737665234771005,15,0.003720238095238095,0
3,0.11708955906894158,16,0.003968253968253968,0
3,0.2356502124713774,16,0.003968253968253968,0
2,0.24069606775110092,14,0.003472222222222222,0
3,0.132277445921582,10,0.00248015873015873,0
2,0.17788347211279085,15,0.003720238095238095,0
2,1.010194637696204,11,0.002728174603174603,0
2,0.1421304810572733,7,0.001736111111111111,0
1,0.08961352823754921,10,0.00248015873015873,0
3,0.08370275490308303,9,0.002232142857142857,0
1,0.18361652337509443,7,0.001736111111111111,0
3,0.427535691418429,9,0.002232142857142857,0
1,0.0691970809413027,12,0.002976190476190476,0
3,0.37063504469306197,7,0.001736111111111111,0
2,0.0064130055876392865,11,0.002728174603174603,0
3,0.1628667517420049,7,0.001736111111111111,0
3,0.4486521063006153,7,0.001736111111111111,0
3,0.12407925611260859,8,0.001984126984126984,0
3,0.24885307170457663,7,0.001736111111111111,0
1,0.06881611273122779,8,0.001984126984126984,0
2,0.40643334911040924,14,0.003472222222222222,0
2,0.016108569841743206,8,0.001984126984126984,0
3,0.574264878841462,11,0.002728174603174603,0
2,0.06626747158540339,9,0.002232142857142857,0
1,0.6223912061876439,7,0.001736111111111111,0
2,0.1304044940213643,13,0.003224206349206349,0
3,0.38477882830221477,8,0.001984126984126984,0
3,0.11535715839712939,11,0.002728174603174603,0
3,0.7090563810620859,9,0.002232142857142857,0
2,0.040621243717458684,8,0.001984126984126984,0
3,0.05899422929658963,8,0.001984126984126984,0
2,0.20379110868464295,8,0.001984126984126984,0
1,0.025647249221627616,14,0.003472222222222222,0
1,0.06543940926406343,10,0.00248015873015873,0
2,0.8634721558922147,10,0.00248015873015873,0
2,1.1250945010285256,13,0.003224206349206349,0
2,0.14160617666118694,9,0.002232142857142857,0
1,0.7703013995568114,14,0.003472222222222222,0
1,0.23612178181823051,14,0.003472222222222222,0
2,0.09430740617397747,10,0.00248015873015873,0
1,0.3636002035764627,7,0.001736111111111111,0
3,0.3226754657675613,8,0.001984126984126984,0
1,1.3563954137309147,14,0.003472222222222222,0
1,0.0923847355350776,8,0.001984126984126984,0
3,0.3344769292826849,8,0.001984126984126984,0
3,0.01602775052670394,8,0.001984126984126984,0
2,0.03619167099026934,10,0.00248015873015873,0
2,0.0011778215685428657,16,0.003968253968253968,0
2,2.257561030809656,12,0.002976190476190476,0
1,0.4862614540150302,14,0.003472222222222222,0
1,0.463549067324666,16,0.003968253968253968,0
2,0.21383730421572453,24,0.005952380952380952,0
3,0.10703123437591143,17,0.004216269841269841,0
2,0.04920222907531934,23,0.005704365079365079,0
1,0.10050537870731628,13,0.003224206349206349,0
1,0.14146763789185243,12,0.002976190476190476,0
1,0.42355762536512337,22,0.005456349206349206,0
3,0.23273814544252208,14,0.003472222222222222,0
2,0.02419504627008588,17,0.004216269841269841,0
2,0.005458053526608791,21,0.005208333333333333,0
2,0.03238655685238313,23,0.005704365079365079,0
1,0.15854351309519596,17,0.004216269841269841,0
2,0.8117838515580685,14,0.003472222222222222,0
1,0.30433854705366487,18,0.004464285714285714,0
2,0.48558280232451495,19,0.004712301587301587,0
2,0.18841835220476763,18,0.004464285714285714,0
3,0.13466812559434646,19,0.004712301587301587,0
2,0.034421428650514806,22,0.005456349206349206,0
1,0.6260801146627621,13,0.003224206349206349,0
1,0.4585786975373551,23,0.005704365079365079,0
3,0.055219437739199635,12,0.002976190476190476,0
1,0.21539218742890942,13,0.003224206349206349,0
2,0.20046309617206753,21,0.005208333333333333,0
2,0.2943220269948836,24,0.005952380952380952,0
3,0.8766714706113488,22,0.005456349206349206,0
2,0.260086958832171,14,0.003472222222222222,0
3,0.23310036604822296,18,0.004464285714285714,0
2,0.015489984474466987,21,0.005208333333333333,0
1,0.019491977012183647,22,0.005456349206349206,0
3,0.06223524541002719,14,0.003472222222222222,0
2,0.009902893319036796,19,0.004712301587301587,0
1,0.4080159816641053,18,0.004464285714285714,0
2,0.38547927525004116,12,0.002976190476190476,0
1,0.043874279533203456,16,0.003968253968253968,0
3,0.5425110208005254,17,0.004216269841269841,0
1,0.050449641143444184,23,0.005704365079365079,0
3,0.1075067297174393,20,0.00496031746031746,0
3,0.08589566027591328,13,0.003224206349206349,0
3,0.139711272775556,16,0.003968253968253968,0
3,0.0881759524392524,9,0.002232142857142857,0
2,0.20138689770672472,11,0.002728174603174603,0
2,0.1569746830652698,13,0.003224206349206349,0
3,1.2930679057533139,14,0.003472222222222222,0
1,0.017265329084397183,16,0.003968253968253968,0
3,0.04600877886959134,8,0.001984126984126984,0
1,0.016281705763534608,10,0.00248015873015873,0
3,0.29492248780299846,15,0.003720238095238095,0
2,0.01681536093274553,10,0.00248015873015873,0
1,0.5431721333441939,15,0.003720238095238095,0
2,0.2151942372709155,11,0.002728174603174603,0
2,0.22460280307284583,12,0.002976190476190476,0
1,0.24738330461941566,16,0.003968253968253968,0
1,0.05619312843335041,16,0.003968253968253968,0
3,0.06607817698108699,14,0.003472222222222222,0
2,0.11517742813614992,11,0.002728174603174603,0
1,0.27004875986001764,15,0.003720238095238095,0
2,0.07076142843112224,15,0.003720238095238095,0
1,0.03710206311272279,15,0.003720238095238095,0
2,1.053138516384764,13,0.003224206349206349,0
1,0.006668104456800496,15,0.003720238095238095,0
3,0.48690501455507557,8,0.001984126984126984,0
1,0.4654004453815872,14,0.003472222222222222,0
2,0.10581090155324162,8,0.001984126984126984,0
3,0.04372513383967585,16,0.003968253968253968,0
1,0.04721680193569694,9,0.002232142857142857,0
3,0.35863439050159157,12,0.002976190476190476,0
3,0.3088433646716961,16,0.003968253968253968,0
1,0.4580059810946528,15,0.003720238095238095,0
2,0.8316862577968802,13,0.003224206349206349,0
1,0.35322590707886903,11,0.002728174603174603,0
2,0.05082806858870155,13,0.003224206349206349,0
3,0.08369306851461597,15,0.003720238095238095,0
3,0.5539161429156758,13,0.003224206349206349,0
3,0.07045330021663264,15,0.003720238095238095,0
1,0.022585963858942827,9,0.002232142857142857,0
3,0.3644899583798894,11,0.002728174603174603,0
1,0.1545135317268783,13,0.003224206349206349,0
3,0.7578688279507574,14,0.003472222222222222,0
3,0.31516534942117863,18,0.004464285714285714,0
2,0.02843136019515443,11,0.002728174603174603,0
1,0.8861271106634994,12,0.002976190476190476,0
2,0.08974720414295877,12,0.002976190476190476,0
3,0.12339025155516084,16,0.003968253968253968,0
1,0.15438002827956204,14,0.003472222222222222,0
3,0.015774857572594725,13,0.003224206349206349,0
1,0.20586065920304503,11,0.002728174603174603,0
2,0.039483453686816015,13,0.003224206349206349,0
2,0.1537332432032318,13,0.003224206349206349,0
3,0.12956264827948658,15,0.003720238095238095,0
1,0.4446303093695243,16,0.003968253968253968,0
1,0.4876252398972563,20,0.00496031746031746,0
3,0.04996265028882877,19,0.004712301587301587,0
1,0.13697282501995203,17,0.004216269841269841,0
2,0.14021164568136532,20,0.00496031746031746,0
3,0.04925389606321466,18,0.004464285714285714,0
1,0.48052055401497384,17,0.004216269841269841,0
1,0.368508675406498,18,0.004464285714285714,0
3,0.06335774506177193,10,0.00248015873015873,0
3,0.13705368911862892,16,0.003968253968253968,0
3,0.03354943037573471,17,0.004216269841269841,0
3,0.2968250842538707,12,0.002976190476190476,0
3,0.038818077957558116,19,0.004712301587301587,0
1,1.2792020187869169,12,0.002976190476190476,0
1,0.4551698664387864,16,0.003968253968253968,0
3,0.1484062389577174,19,0.004712301587301587,0
3,0.2592261573150254,15,0.003720238095238095,0
3,0.7268900805177003,16,0.003968253968253968,0
2,0.2422976860577673,19,0.004712301587301587,0
3,0.05752925461972118,13,0.003224206349206349,0
2,0.1427839868490827,16,0.003968253968253968,0
2,0.5557297820357958,14,0.003472222222222222,0
2,0.310026926022002,12,0.002976190476190476,0
1,0.3155681816248659,16,0.003968253968253968,0
3,0.6048194513563105,18,0.004464285714285714,0
2,0.6732186126855003,18,0.004464285714285714,0
2,0.7569417441584133,18,0.004464285714285714,0
3,0.02989611356259947,13,0.003224206349206349,0
1,0.23566164832371053,12,0.002976190476190476,0
3,0.404710580303601,13,0.003224206349206349,0
3,0.42431784962630353,10,0.00248015873015873,0
3,0.2799671385999501,10,0.00248015873015873,0
3,0.0547399108497652,16,0.003968253968253968,0
3,0.47898694294840377,13,0.003224206349206349,0
3,0.3820090123742384,9,0.002232142857142857,0
2,0.02702197953440251,16,0.003968253968253968,0
2,0.18697991283829737,14,0.003472222222222222,0
3,0.057339943344517585,16,0.003968253968253968,0
2,0.1235100221224702,14,0.003472222222222222,0
1,0.005473965797500238,16,0.003968253968253968,0
1,0.15341266669062095,8,0.001984126984126984,0
2,0.23947026752179784,10,0.00248015873015873,0
1,0.28994585675301215,8,0.001984126984126984,0
1,0.3267385314808406,12,0.002976190476190476,0
1,0.542900019016104,12,0.002976190476190476,0
3,0.07279842777985121,12,0.002976190476190476,0
1,0.03851431408648955,8,0.001984126984126984,0
3,0.5722262003653684,12,0.002976190476190476,0
1,0.05109873963265843,16,0.003968253968253968,0
1,1.103798539147805,13,0.003224206349206349,0
2,0.5545717729559423,9,0.002232142857142857,0
3,0.20847057930407784,16,0.003968253968253968,0
1,1.1957238719136074,16,0.003968253968253968,0
2,0.03073500295693425,11,0.002728174603174603,0
3,0.10831926646829615,12,0.002976190476190476,0
3,0.3050193571333459,8,0.001984126984126984,0
2,0.1292380449090293,14,0.003472222222222222,0
2,0.7908830778757948,13,0.003224206349206349,0
3,0.020363576102635828,8,0.001984126984126984,0
1,0.23916045293588573,12,0.002976190476190476,0
1,0.26811396053994085,15,0.003720238095238095,0
1,0.31729419025508665,13,0.003224206349206349,0
3,0.0885797160590821,16,0.003968253968253968,0
3,0.1360343165334233,11,0.002728174603174603,0
3,0.5567560437093859,11,0.002728174603174603,0
2,0.06505257289309731,15,0.003720238095238095,0
1,0.5261100260783625,9,0.002232142857142857,0
1,0.24811016659519738,10,0.00248015873015873,0
2,0.4308818333991525,6,0.001488095238095238,0
2,0.3751174693260306,8,0.001984126984126984,0
3,0.0697731835660248,8,0.001984126984126984,0
1,0.25236383910236615,7,0.001736111111111111,0
3,0.6068574676445947,12,0.002976190476190476,0
2,0.1697515570379962,6,0.001488095238095238,0
2,1.0196769229665779,9,0.002232142857142857,0
3,0.18056177625703154,7,0.001736111111111111,0
1,0.046220177825810824,7,0.001736111111111111,0
2,0.1480109991045231,10,0.00248015873015873,0
1,0.9091120623945019,12,0.002976190476190476,0
3,0.11557561481214201,10,0.00248015873015873,0
3,0.6077091805158679,8,0.001984126984126984,0
2,0.6392221729688805,12,0.002976190476190476,0
3,0.1293209753352628,10,0.00248015873015873,0
2,0.026078647662971494,6,0.001488095238095238,0
3,0.3868133607201894,8,0.001984126984126984,0
3,0.11197734733938294,7,0.001736111111111111,0
1,0.4582517938057045,10,0.00248015873015873,0
1,0.17537117068682578,12,0.002976190476190476,0
3,0.19923193763858119,7,0.001736111111111111,0
2,0.45140097079248814,10,0.00248015873015873,0
3,0.14455647262591537,9,0.002232142857142857,0
1,0.1756256077034036,8,0.001984126984126984,0
1,0.1415730586860875,7,0.001736111111111111,0
3,0.13734688212168847,8,0.001984126984126984,0
2,0.22393057700371988,8,0.001984126984126984,0
2,0.49632971191210407,7,0.001736111111111111,0
3,0.13471617423078971,10,0.00248015873015873,0
2,0.2228618085487458,10,0.00248015873015873,0
3,0.3332607220300228,6,0.001488095238095238,0
1,0.09418294732027728,11,0.002728174603174603,0
2,0.09752082701173306,9,0.002232142857142857,0
1,0.8127743469951935,11,0.002728174603174603,0
3,0.3857008515029721,10,0.00248015873015873,0
1,0.2582473536878044,6,0.001488095238095238,0
3,0.31299873585780563,8,0.001984126984126984,0
2,0.008921173367384556,12,0.002976190476190476,0
1,0.28878127501923856,9,0.002232142857142857,0
2,0.213704427090546,10,0.00248015873015873,0
1,0.23673206002879504,17,0.004216269841269841,0
2,0.13361617111562155,17,0.004216269841269841,0
3,0.025495486903583133,16,0.003968253968253968,0
2,0.0644556188764113,9,0.002232142857142857,0
2,0.9032215713568807,12,0.002976190476190476,0
2,0.15762931076192596,17,0.004216269841269841,0
1,0.18859187312495712,10,0.00248015873015873,0
1,0.01624493419038424,17,0.004216269841269841,0
3,0.011487007531059785,9,0.002232142857142857,0
3,0.3788849227827988,10,0.00248015873015873,0
1,0.2317185928771379,12,0.002976190476190476,0
3,0.2132137560758113,15,0.003720238095238095,0
1,0.08356696327770322,12,0.002976190476190476,0
3,0.4096544064804887,15,0.003720238095238095,0
3,0.05526216854581141,10,0.00248015873015873,0
3,0.06319214135377522,11,0.002728174603174603,0
1,0.18525175370499497,16,0.003968253968253968,0
3,0.10117930716679004,14,0.003472222222222222,0
1,0.08529152675836604,10,0.00248015873015873,0
1,0.31089214048385394,9,0.002232142857142857,0
1,0.3157807202392647,13,0.003224206349206349,0
3,0.5220640513871726,10,0.00248015873015873,0
3,0.16223526376454028,12,0.002976190476190476,0
2,0.02276805283773885,15,0.003720238095238095,0
2,0.0959237534415004,16,0.003968253968253968,0
3,1.173688860775181,15,0.003720238095238095,0
2,0.27209419309117966,14,0.003472222222222222,0
1,0.37109044877535385,15,0.003720238095238095,0
3,0.0022155095908276802,10,0.00248015873015873,0
3,0.21907142589110737,9,0.002232142857142857,0
3,0.011475296196741026,18,0.004464285714285714,0
1,0.2526544399086393,18,0.004464285714285714,0
1,0.7606232963186145,10,0.00248015873015873,0
2,1.0365611211893089,17,0.004216269841269841,0
1,0.23331929402321647,13,0.003224206349206349,0
3,0.1838601655266545,13,0.003224206349206349,0
3,0.870219883973242,10,0.00248015873015873,0
2,0.33589853366543165,16,0.003968253968253968,0
2,0.020130309922883928,15,0.003720238095238095,0
3,0.18805370175719996,9,0.002232142857142857,0
1,0.08242778711929606,20,0.00496031746031746,0
1,0.1903527407284462,14,0.003472222222222222,0
3,0.18234723299085415,18,0.004464285714285714,0
3,0.2617860974073355,16,0.003968253968253968,0
3,0.13237610482130252,14,0.003472222222222222,0
2,0.05383506671102135,22,0.005456349206349206,0
3,0.21018415683349864,22,0.005456349206349206,0
2,0.5319452975919973,12,0.002976190476190476,0
3,0.3272041538218549,20,0.00496031746031746,0
1,0.12391366986183164,13,0.003224206349206349,0
1,0.8224341182691465,12,0.002976190476190476,0
3,0.7298340044897219,21,0.005208333333333333,0
2,0.07046935877533611,20,0.00496031746031746,0
3,0.012064648893358015,13,0.003224206349206349,0
2,0.4056359556970024,15,0.003720238095238095,0
3,0.5273992329332101,23,0.005704365079365079,0
3,1.031338797963832,17,0.004216269841269841,0
1,0.6617366075082988,18,0.004464285714285714,0
3,0.27528856405972274,20,0.00496031746031746,0
1,0.2265401851516089,14,0.003472222222222222,0
1,0.008470788114970833,15,0.003720238095238095,0
3,0.0849701728022051,16,0.003968253968253968,0
1,0.18464189132160833,13,0.003224206349206349,0
1,0.2970650739256603,22,0.005456349206349206,0
3,0.24442624292424361,12,0.002976190476190476,0
3,0.40717914409471,19,0.004712301587301587,0
3,0.0984541236757631,20,0.00496031746031746,0
1,0.24969009177074947,16,0.003968253968253968,0
3,0.02768138091072956,13,0.003224206349206349,0
2,0.16015946201075318,13,0.003224206349206349,0
1,0.4160813699895015,23,0.005704365079365079,0
3,0.3546642288222622,19,0.004712301587301587,0
2,1.4014807392553763,17,0.004216269841269841,0
1,0.09767380692807892,22,0.005456349206349206,0
3,0.2068596961184167,15,0.003720238095238095,0
1,0.119933081139329,16,0.003968253968253968,0
3,0.1742688195042417,13,0.003224206349206349,0
1,0.5833685902039606,17,0.004216269841269841,0
2,0.3458024744137453,19,0.004712301587301587,0
2,0.6422449714309018,21,0.005208333333333333,0
3,0.0682626288479333,18,0.004464285714285714,0
1,0.6199247071111865,18,0.004464285714285714,0
3,0.018486760764487343,14,0.003472222222222222,0
2,0.6583864476714876,15,0.003720238095238095,0
1,0.11972883076284595,9,0.002232142857142857,0
2,0.11332038804907868,12,0.002976190476190476,0
1,0.21528641976967972,15,0.003720238095238095,0
2,0.847494155476774,14,0.003472222222222222,0
1,0.01468818348307422,14,0.003472222222222222,0
2,0.13026632675435434,16,0.003968253968253968,0
2,0.58257660988683,14,0.003472222222222222,0
2,0.15128138386339948,16,0.003968253968253968,0
3,0.06662706847503258,10,0.00248015873015873,0
1,0.16590820701642287,18,0.004464285714285714,0
1,0.14610953741003221,13,0.003224206349206349,0
1,0.7410037612224992,17,0.004216269841269841,0
1,0.43056267334377907,13,0.003224206349206349,0
3,0.2110292968841043,10,0.00248015873015873,0
3,1.3362648128768149,10,0.00248015873015873,0
1,0.18780222501958257,17,0.004216269841269841,0
3,0.018000753184285775,9,0.002232142857142857,0
3,0.09125496997778101,18,0.004464285714285714,0
2,0.17184780006621134,18,0.004464285714285714,0
1,0.051201844966569474,9,0.002232142857142857,0
3,0.8844550142561045,13,0.003224206349206349,0
3,0.4368205585159552,17,0.004216269841269841,0
2,0.09371015769645366,11,0.002728174603174603,0
2,0.26806869718329807,15,0.003720238095238095,0
1,0.38344640295798343,18,0.004464285714285714,0
3,0.8504869962462572,13,0.003224206349206349,0
1,0.6401955475002195,16,0.003968253968253968,0
3,0.21720084274864232,17,0.004216269841269841,0
1,0.44703364660606787,15,0.003720238095238095,0
2,0.24776007342593448,17,0.004216269841269841,0
1,0.2413603395921456,12,0.002976190476190476,0
3,0.0365628311921969,11,0.002728174603174603,0
3,0.04044972575476428,11,0.002728174603174603,0
2,0.2262092303483281,11,0.002728174603174603,0
1,0.09394572966411983,18,0.004464285714285714,0
3,0.0063783993591818005,11,0.002728174603174603,0
2,0.3849472349639236,12,0.002976190476190476,0
1,0.009907800187182788,24,0.005952380952380952,0
2,0.2713656011669086,15,0.003720238095238095,0
1,0.23243331062564654,16,0.003968253968253968,0
2,1.0403424440714848,15,0.003720238095238095,0
1,0.19861849787547278,22,0.005456349206349206,0
1,0.019714223190808025,20,0.00496031746031746,0
2,0.2406797365737013,18,0.004464285714285714,0
2,0.5518368319192726,19,0.004712301587301587,0
1,1.7280376919136284,12,0.002976190476190476,0
3,0.1688163475702608,17,0.004216269841269841,0
1,0.11583057136366359,23,0.005704365079365079,0
3,0.7114304183390977,22,0.005456349206349206,0
2,0.06367671030167099,23,0.005704365079365079,0
2,0.28668798922399974,21,0.005208333333333333,0
3,0.15611859233368666,21,0.005208333333333333,0
1,0.012585028224219095,18,0.004464285714285714,0
3,0.12798600450303713,18,0.004464285714285714,0
2,0.0924587229249017,21,0.005208333333333333,0
3,0.34759579032057814,13,0.003224206349206349,0
3,0.8915490516606023,16,0.003968253968253968,0
2,0.09361176921921405,15,0.003720238095238095,0
3,0.5005429782785279,18,0.004464285714285714,0
2,0.01708535479810923,17,0.004216269841269841,0
2,0.23173570461067056,24,0.005952380952380952,0
2,0.02194870025243615,21,0.005208333333333333,0
1,0.8155801582637773,20,0.00496031746031746,0
1,0.4361809471547329,19,0.004712301587301587,0
1,0.32183942825322653,15,0.003720238095238095,0
1,0.5210048149244659,20,0.00496031746031746,0
3,0.31282824478576987,16,0.003968253968253968,0
1,1.0415928124825538,14,0.003472222222222222,0
1,0.375484933059922,14,0.003472222222222222,0
2,0.7757176864946743,21,0.005208333333333333,0
3,0.21840351928935592,13,0.003224206349206349,0
3,0.03735090867699976,15,0.003720238095238095,0
2,0.22534586782194263,24,0.005952380952380952,0
2,0.04070221842898365,23,0.005704365079365079,0
1,0.26930950332244763,19,0.004712301587301587,0
3,0.19761970329724202,19,0.004712301587301587,0
1,0.2923153378799953,21,0.005208333333333333,0
1,0.0030293377771486727,22,0.005456349206349206,0
2,0.06501446225403898,12,0.002976190476190476,0
1,0.2027869955545745,12,0.002976190476190476,0
1,0.9017563689875293,21,0.005208333333333333,0
3,0.14516215260640142,14,0.003472222222222222,0
1,0.16568811165629976,22,0.005456349206349206,0
3,0.3762600937508117,12,0.002976190476190476,0
3,0.2777453593307405,14,0.003472222222222222,0
1,0.10654261444078905,14,0.003472222222222222,0
2,0.15870522648283905,14,0.003472222222222222,0
3,0.07365501695218744,18,0.004464285714285714,0
3,1.014607831354209,21,0.005208333333333333,0
3,0.0419974522542548,12,0.002976190476190476,0
3,0.13948657472823947,23,0.005704365079365079,0
3,0.00785359882249808,16,0.003968253968253968,0
1,0.07522360967128168,15,0.003720238095238095,0
2,0.45488147012795555,21,0.005208333333333333,0
2,0.0673841015319104,19,0.004712301587301587,0
1,0.02503515813186219,15,0.003720238095238095,0
2,0.19299479887174847,21,0.005208333333333333,0
1,0.0030057780931836697,24,0.005952380952380952,0
3,0.026572703227746942,24,0.005952380952380952,0
1,0.4944939620936188,21,0.005208333333333333,0
3,0.4428307268274256,20,0.00496031746031746,0
2,0.7400215616460585,14,0.003472222222222222,0
3,0.5783055860196213,22,0.005456349206349206,0
2,0.3448222457336295,19,0.004712301587301587,0
3,0.016125586103574355,21,0.005208333333333333,0
1,0.4581481667087344,15,0.003720238095238095,0
2,0.5602893474511884,18,0.004464285714285714,0
1,0.48145774196709673,13,0.003224206349206349,0
1,0.2130752057381895,15,0.003720238095238095,0
3,0.07954215147103587,20,0.00496031746031746,0
3,0.5599383920251595,18,0.004464285714285714,0
1,0.3896640103117783,21,0.005208333333333333,0
1,1.185247462358738,14,0.003472222222222222,0
2,0.05077158900903018,21,0.005208333333333333,0
3,0.07672504321012973,12,0.002976190476190476,0
3,0.07140032008608874,20,0.00496031746031746,0
1,0.47184468265979534,9,0.002232142857142857,0
3,0.062073044828470404,7,0.001736111111111111,0
3,0.020695663897339685,10,0.00248015873015873,0
1,1.9631017353701385,12,0.002976190476190476,0
3,0.007539105034422473,11,0.002728174603174603,0
2,0.540987015775649,10,0.00248015873015873,0
2,0.13641244507608782,8,0.001984126984126984,0
1,0.5528188211538323,11,0.002728174603174603,0
3,0.2426485594586097,9,0.002232142857142857,0
1,0.695709569437862,12,0.002976190476190476,0
2,0.7818904550577281,12,0.002976190476190476,0
2,0.0027419467492222718,8,0.001984126984126984,0
3,0.02352217093345271,12,0.002976190476190476,0
3,0.08644814789133091,12,0.002976190476190476,0
3,0.3319770832346169,10,0.00248015873015873,0
1,0.6575069075155461,9,0.002232142857142857,0
1,0.1848235942792493,8,0.001984126984126984,0
2,0.2801631789077049,12,0.002976190476190476,0
1,0.06266121318886637,12,0.002976190476190476,0
1,0.4903756956668345,8,0.001984126984126984,0
3,1.0263720735686794,10,0.00248015873015873,0
2,0.09383799429153179,8,0.001984126984126984,0
1,0.20485567763672993,6,0.001488095238095238,0
3,0.027015525348794475,11,0.002728174603174603,0
1,0.2457060990475263,10,0.00248015873015873,0
3,0.2096188851293325,6,0.001488095238095238,0
3,0.046798483285662135,6,0.001488095238095238,0
2,0.1750544955430757,11,0.002728174603174603,0
1,0.12198682681616914,11,0.002728174603174603,0
2,0.22133723751483597,9,0.002232142857142857,0
2,0.26431641448390814,6,0.001488095238095238,0
1,0.002559561520624684,9,0.002232142857142857,0
3,0.42939502818771047,10,0.00248015873015873,0
2,0.37449685856703524,8,0.001984126984126984,0
3,0.13684744195727339,9,0.002232142857142857,0
3,0.01631656146290293,8,0.001984126984126984,0
3,0.4218665275567625,8,0.001984126984126984,0
3,0.9314978518802082,9,0.002232142857142857,0
1,0.08239090021447683,9,0.002232142857142857,0
3,0.1172577647926837,12,0.002976190476190476,0
1,0.06093349445943623,17,0.004216269841269841,0
3,0.25806963080864254,20,0.00496031746031746,0
2,0.05046929117882527,16,0.003968253968253968,0
2,0.13210732580310747,21,0.005208333333333333,0
2,0.35821962740197594,24,0.005952380952380952,0
3,0.24637325536990268,18,0.004464285714285714,0
3,0.14655419905573178,14,0.003472222222222222,0
3,0.16354728480358846,13,0.003224206349206349,0
3,0.24773686719878724,15,0.003720238095238095,0
2,0.001764597882022694,24,0.005952380952380952,0
3,0.024528963314727575,14,0.003472222222222222,0
1,0.6392408332296866,15,0.003720238095238095,0
3,0.024323644729126882,18,0.004464285714285714,0
2,0.36807377232857275,24,0.005952380952380952,0
3,0.7578617428489848,21,0.005208333333333333,0
3,0.09469428834794591,22,0.005456349206349206,0
3,0.13884474684761455,12,0.002976190476190476,0
1,0.2524394557422544,18,0.004464285714285714,0
3,0.6403821995979336,12,0.002976190476190476,0
1,0.8537057358062508,14,0.003472222222222222,0
2,0.4036185726963175,21,0.005208333333333333,0
2,0.02718090385752158,13,0.003224206349206349,0
1,0.3318308216342477,16,0.003968253968253968,0
1,0.1584442972390699,17,0.004216269841269841,0
1,0.19086053653385562,21,0.005208333333333333,0
1,0.015119179417935048,23,0.005704365079365079,0
2,0.06360995248300615,18,0.004464285714285714,0
3,0.4689289482472073,22,0.005456349206349206,0
3,0.18151827261936812,16,0.003968253968253968,0
3,0.10771571962431319,21,0.005208333333333333,0
1,0.14536178404705413,24,0.005952380952380952,0
1,0.5780666402045198,22,0.005456349206349206,0
2,0.41468952754101845,19,0.004712301587301587,0
1,0.09536626876386033,15,0.003720238095238095,0
3,0.037499572621003396,24,0.005952380952380952,0
3,0.08710497705878953,16,0.003968253968253968,0
1,0.7605687812578726,12,0.002976190476190476,0
3,0.26138720652237574,20,0.00496031746031746,0
3,0.22873645038307933,23,0.005704365079365079,0
1,0.2721945397745977,21,0.005208333333333333,0
3,0.1367252726205503,7,0.001736111111111111,0
2,0.4936859259905966,10,0.00248015873015873,0
3,0.22225172147481154,7,0.001736111111111111,0
1,0.03724338548930756,8,0.001984126984126984,0
2,0.04145642253230543,13,0.003224206349206349,0
2,0.23091721558331368,13,0.003224206349206349,0
2,0.8273465343955739,10,0.00248015873015873,0
3,0.11060348976707869,7,0.001736111111111111,0
3,0.6110092716528469,8,0.001984126984126984,0
1,0.4332985751637238,11,0.002728174603174603,0
3,0.08543087253060229,12,0.002976190476190476,0
2,0.01110525606453654,11,0.002728174603174603,0
1,0.03222454253462902,10,0.00248015873015873,0
2,0.3911312390263198,13,0.003224206349206349,0
3,0.06681924271644736,7,0.001736111111111111,0
2,0.1392164493874094,9,0.002232142857142857,0
2,0.2089653900055573,8,0.001984126984126984,0
3,0.38780641884762795,8,0.001984126984126984,0
3,0.0360513032301832,11,0.002728174603174603,0
2,0.15644789815422408,8,0.001984126984126984,0
3,0.19911898784742213,11,0.002728174603174603,0
3,0.23349851188016957,11,0.002728174603174603,0
3,0.5117196311678472,14,0.003472222222222222,0
2,0.05650606403207137,14,0.003472222222222222,0
1,0.4948147310922269,12,0.002976190476190476,0
2,0.35415348263836016,14,0.003472222222222222,0
3,0.24349193995767712,7,0.001736111111111111,0
2,0.36072008282162643,8,0.001984126984126984,0
2,0.15931754994711356,8,0.001984126984126984,0
2,0.04468840540281838,10,0.00248015873015873,0
3,0.3287734978344944,10,0.00248015873015873,0
2,0.22312524964317662,13,0.003224206349206349,0
2,0.3059748265896905,7,0.001736111111111111,0
3,0.12374636451003967,11,0.002728174603174603,0
1,0.7121166485098149,11,0.002728174603174603,0
1,0.26556109585134696,13,0.003224206349206349,0
3,0.026781355206390106,12,0.002976190476190476,0
1,0.17924420511200345,9,0.002232142857142857,0
2,0.42361420805106537,12,0.002976190476190476,0
2,0.4741597607763723,10,0.00248015873015873,0
1,0.20471977576580438,12,0.002976190476190476,0
2,0.6754181180095041,12,0.002976190476190476,0
1,0.09345657387636554,12,0.002976190476190476,0
2,0.1585943995087408,12,0.002976190476190476,0
1,0.6865955161582652,12,0.002976190476190476,0
1,0.679750757712697,18,0.004464285714285714,0
2,0.3472343886707298,11,0.002728174603174603,0
1,0.587657230334365,10,0.00248015873015873,0
1,0.02788905869885908,16,0.003968253968253968,0
3,0.600732986388112,9,0.002232142857142857,0
3,0.11597235716297746,9,0.002232142857142857,0
2,0.05892547951926227,14,0.003472222222222222,0
3,0.08208240796782697,14,0.003472222222222222,0
2,0.16236921683184438,18,0.004464285714285714,0
2,0.08678180287926135,16,0.003968253968253968,0
1,0.1159492544022357,17,0.004216269841269841,0
2,0.043500270229821995,15,0.003720238095238095,0
1,0.10536841253807495,18,0.004464285714285714,0
1,0.25478862643475186,9,0.002232142857142857,0
3,0.17494025372461622,15,0.003720238095238095,0
2,0.1277242665571178,17,0.004216269841269841,0
1,0.4116607898936218,17,0.004216269841269841,0
2,0.6719111778966939,15,0.003720238095238095,0
3,0.4241480448444758,11,0.002728174603174603,0
2,0.12104044695612412,10,0.00248015873015873,0
3,0.40929196379371474,17,0.004216269841269841,0
2,0.049455382121791645,14,0.003472222222222222,0
3,0.041888291309826,9,0.002232142857142857,0
1,0.12722334309342628,12,0.002976190476190476,0
2,0.49461328379554986,18,0.004464285714285714,0
1,0.08484746521092187,14,0.003472222222222222,0
2,0.019602744115442747,18,0.004464285714285714,0
2,0.04236869503235242,11,0.002728174603174603,0
3,0.5871564865681438,13,0.003224206349206349,0
1,0.30135900079102795,13,0.003224206349206349,0
2,0.087587827536718,18,0.004464285714285714,0
2,0.24310379816875063,14,0.003472222222222222,0
1,0.22496581779533606,16,0.003968253968253968,0
2,0.3196426100175499,12,0.002976190476190476,0
2,0.07965391122058647,14,0.003472222222222222,0
2,0.5994203799527111,14,0.003472222222222222,0
2,0.11104469173331198,12,0.002976190476190476,0
3,0.3553801534088108,12,0.002976190476190476,0
3,0.004876818928829565,20,0.00496031746031746,0
1,0.13987861366166374,11,0.002728174603174603,0
3,0.13002506132270292,14,0.003472222222222222,0
1,0.23523974072591888,18,0.004464285714285714,0
2,0.022655173988574053,16,0.003968253968253968,0
1,0.46838205995975024,12,0.002976190476190476,0
3,0.07368608192093408,12,0.002976190476190476,0
2,0.3390660109653843,10,0.00248015873015873,0
1,0.4876886694334569,16,0.003968253968253968,0
2,0.24757664587014258,12,0.002976190476190476,0
3,0.40514291388834467,18,0.004464285714285714,0
3,0.32528885742129976,15,0.003720238095238095,0
2,0.13179800719382473,14,0.003472222222222222,0
2,0.4964224475210724,18,0.004464285714285714,0
3,0.10474019311302903,10,0.00248015873015873,0
2,0.2540384385098022,11,0.002728174603174603,0
3,0.41041581385715165,12,0.002976190476190476,0
1,0.14290596026319957,13,0.003224206349206349,0
2,0.10819095172217556,17,0.004216269841269841,0
3,0.18449273397957872,11,0.002728174603174603,0
2,0.5110644094559293,15,0.003720238095238095,0
2,0.7974428975137545,15,0.003720238095238095,0
2,0.23629236054121616,18,0.004464285714285714,0
3,0.3249394065152451,14,0.003472222222222222,0
2,0.7007607403175099,10,0.00248015873015873,0
2,0.031124162459177093,11,0.002728174603174603,0
2,0.07922035979966903,20,0.00496031746031746,0
3,0.3702265349118843,13,0.003224206349206349,0
3,0.5207461248027678,19,0.004712301587301587,0
3,0.5835340993941884,20,0.00496031746031746,0
3,0.16089799705020033,12,0.002976190476190476,0
2,0.028075668101048126,15,0.003720238095238095,0
2,0.17275940227070527,20,0.00496031746031746,0
3,0.07869576982518117,17,0.004216269841269841,0
3,0.10325306348645248,17,0.004216269841269841,0
1,0.443875150203997,16,0.003968253968253968,0
3,0.023559457983321708,14,0.003472222222222222,0
3,0.5273486938077478,14,0.003472222222222222,0
1,0.1674113800784543,22,0.005456349206349206,0
2,0.2719495976524794,18,0.004464285714285714,0
3,0.028178576699948298,21,0.005208333333333333,0
3,0.1234566095484573,18,0.004464285714285714,0
1,0.028194621913500313,13,0.003224206349206349,0
1,0.9774700026862823,17,0.004216269841269841,0
1,0.49392651175661745,17,0.004216269841269841,0
2,0.1846518858154283,22,0.005456349206349206,0
2,0.0759272129769161,23,0.005704365079365079,0
2,0.8129635350237401,21,0.005208333333333333,0
3,0.1267513045618608,18,0.004464285714285714,0
2,0.05265780506740447,19,0.004712301587301587,0
2,0.2484594988829804,23,0.005704365079365079,0
3,0.8635134407973933,20,0.00496031746031746,0
2,0.0011512934545542634,18,0.004464285714285714,0
1,0.08159177190283769,14,0.003472222222222222,0
1,0.836360127283091,14,0.003472222222222222,0
3,0.056291648606946035,15,0.003720238095238095,0
3,0.036055440204328965,16,0.003968253968253968,0
3,0.2533216652049874,23,0.005704365079365079,0
3,0.5938111555431108,13,0.003224206349206349,0
1,0.19451514403067452,14,0.003472222222222222,0
2,1.5644277009550571,13,0.003224206349206349,0
1,0.3410547565449041,13,0.003224206349206349,0
2,0.023088582277145008,20,0.00496031746031746,0
1,1.4814440922868648,12,0.002976190476190476,0
2,0.15722100179020684,20,0.00496031746031746,0
1,0.10165157447760853,13,0.003224206349206349,0
2,0.24485162818007178,21,0.005208333333333333,0
1,0.1088542975813025,13,0.003224206349206349,0
3,0.027127616305029925,18,0.004464285714285714,0
2,0.000428809240063724,15,0.003720238095238095,0
1,0.1791239242198055,23,0.005704365079365079,0
2,0.5439502585702908,19,0.004712301587301587,0
3,0.2548106309131865,14,0.003472222222222222,0
1,2.1420193155782257,20,0.00496031746031746,0
1,0.10141763953535013,12,0.002976190476190476,0
1,0.09874089035368054,22,0.005456349206349206,0
2,0.05221655099690317,17,0.004216269841269841,0
2,0.0537608193926037,20,0.00496031746031746,0
2,0.10072012313647498,20,0.00496031746031746,0
2,0.47227921679107165,14,0.003472222222222222,0
3,0.7085629513328296,20,0.00496031746031746,0
1,1.107711700630508,21,0.005208333333333333,0
3,0.07930283122387771,19,0.004712301587301587,0
3,0.6393405901083528,23,0.005704365079365079,0
3,0.11936298229893408,21,0.005208333333333333,0
2,0.0359191630201813,20,0.00496031746031746,0
3,0.6121237745041561,22,0.005456349206349206,0
3,0.3032674975583763,16,0.003968253968253968,0
2,0.05400039777297915,19,0.004712301587301587,0
3,0.16854687675411015,15,0.003720238095238095,0
1,0.10159060418610381,19,0.004712301587301587,0
2,0.40044613324329914,17,0.004216269841269841,0
2,0.18122030991497287,16,0.003968253968253968,0
1,1.3606917008038637,16,0.003968253968253968,0
1,0.0168901583553929,12,0.002976190476190476,0
3,0.13155858926842667,24,0.005952380952380952,0
1,0.19727619831159396,17,0.004216269841269841,0
2,0.20983020324758803,19,0.004712301587301587,0
3,0.11391106165184196,12,0.002976190476190476,0
3,0.39195701380083775,19,0.004712301587301587,0
2,0.6232260521797924,16,0.003968253968253968,0
1,0.8376871088742017,24,0.005952380952380952,0
2,0.49057040714652855,24,0.005952380952380952,0
2,0.5702986400755654,21,0.005208333333333333,0
1,0.239916063051404,24,0.005952380952380952,0
1,0.5244173427437754,20,0.00496031746031746,0
2,0.10850792950137032,15,0.003720238095238095,0
2,0.1524880307929849,20,0.00496031746031746,0
2,0.11433992056307156,18,0.004464285714285714,0
1,0.18898824814623597,14,0.003472222222222222,0
3,0.10088511513786617,23,0.005704365079365079,0
3,0.9779987517504476,18,0.004464285714285714,0
2,0.1125584556665796,15,0.003720238095238095,0
2,0.03095704116051807,13,0.003224206349206349,0
2,0.224482027217503,22,0.005456349206349206,0
1,0.017638220744633247,20,0.00496031746031746,0
3,0.035143290536235904,24,0.005952380952380952,0
2,0.07430364935691375,17,0.004216269841269841,0
2,0.18728243483289705,15,0.003720238095238095,0
1,0.17035159038154926,10,0.00248015873015873,0
1,0.4823695224279664,11,0.002728174603174603,0
2,0.40351653737165794,10,0.00248015873015873,0
3,0.166704166683821,16,0.003968253968253968,0
3,0.12180647228105677,16,0.003968253968253968,0
2,0.11414488594169621,18,0.004464285714285714,0
2,0.4461595626926946,12,0.002976190476190476,0
2,0.016043147254377308,9,0.002232142857142857,0
1,0.0038713668866618444,9,0.002232142857142857,0
3,0.4762213207498485,9,0.002232142857142857,0
1,0.1945361195095158,10,0.00248015873015873,0
2,0.042082615050032794,13,0.003224206349206349,0
1,0.08058585081429524,16,0.003968253968253968,0
3,0.8087058741672847,9,0.002232142857142857,0
1,0.5887706907772523,10,0.00248015873015873,0
1,0.37114002733049495,9,0.002232142857142857,0
2,0.1974644816639717,12,0.002976190476190476,0
2,0.22039308711048056,15,0.003720238095238095,0
2,1.1096127053195064,16,0.003968253968253968,0
2,1.0123997382665022,16,0.003968253968253968,0
3,0.07272430602942362,9,0.002232142857142857,0
2,0.4999685033707396,10,0.00248015873015873,0
1,0.06591084305028808,9,0.002232142857142857,0
2,0.07206306272781826,15,0.003720238095238095,0
1,0.3381896840719097,17,0.004216269841269841,0
2,0.15575871594115182,11,0.002728174603174603,0
1,0.8044710068594711,13,0.003224206349206349,0
2,0.02796692031731964,9,0.002232142857142857,0
1,0.21494048932191578,12,0.002976190476190476,0
2,0.7522249412557438,16,0.003968253968253968,0
1,0.7033775256842301,9,0.002232142857142857,0
1,0.05106900334956403,16,0.003968253968253968,0
3,0.13701380005553995,10,0.00248015873015873,0
3,0.28958237697708394,12,0.002976190476190476,0
2,0.05208998136550815,15,0.003720238095238095,0
3,1.0328137478284662,13,0.003224206349206349,0
2,0.7386477866061509,11,0.002728174603174603,0
3,0.054798548856454896,9,0.002232142857142857,0
2,0.03874417753248826,9,0.002232142857142857,0
3,0.02678332280534798,8,0.001984126984126984,0
1,0.7205349375342708,8,0.001984126984126984,0
1,0.06456147244109176,12,0.002976190476190476,0
3,0.16150269196640724,7,0.001736111111111111,0
1,0.17872522571958666,7,0.001736111111111111,0
3,0.27414641812036994,9,0.002232142857142857,0
2,0.022331519078252957,6,0.001488095238095238,0
1,0.07714920356108514,12,0.002976190476190476,0
2,0.8042343619830844,10,0.00248015873015873,0
1,0.7171303064250112,9,0.002232142857142857,0
1,0.45600347631666394,6,0.001488095238095238,0
1,0.005877576008128592,10,0.00248015873015873,0
3,0.1188060019766188,9,0.002232142857142857,0
3,0.2966251513089959,10,0.00248015873015873,0
1,0.09655380588510327,8,0.001984126984126984,0
1,0.7210091531415171,7,0.001736111111111111,0
1,0.3014459922982283,9,0.002232142857142857,0
1,0.022386909334381803,11,0.002728174603174603,0
3,0.7190871570384808,8,0.001984126984126984,0
3,0.9493635837859834,6,0.001488095238095238,0
1,0.02426945802645354,8,0.001984126984126984,0
3,0.22801710362111688,7,0.001736111111111111,0
3,0.10844779437271261,10,0.00248015873015873,0
1,0.1496884230534383,7,0.001736111111111111,0
2,0.05940770556001092,7,0.001736111111111111,0
2,0.25887625121799274,10,0.00248015873015873,0
3,0.9508782576531245,12,0.002976190476190476,0
2,0.20979340216831285,12,0.002976190476190476,0
2,0.025966398300997708,11,0.002728174603174603,0
1,0.2902762606256812,6,0.001488095238095238,0
3,0.1247560114300246,9,0.002232142857142857,0
2,0.5812267792743396,11,0.002728174603174603,0
1,0.17110801830800929,8,0.001984126984126984,0
1,0.06426986420955844,9,0.002232142857142857,0
3,0.06362607900482105,9,0.002232142857142857,0
3,0.4392951679521977,8,0.001984126984126984,0
3,0.09260536589461613,11,0.002728174603174603,0
2,0.4373157057345907,7,0.001736111111111111,0
3,0.0691589705456672,7,0.001736111111111111,0
2,0.11644365448916218,17,0.004216269841269841,0
2,0.1879197526365664,19,0.004712301587301587,0
3,0.8604437661441445,12,0.002976190476190476,0
1,0.805291715150417,18,0.004464285714285714,0
1,0.0695311502830072,17,0.004216269841269841,0
2,0.13305246577384355,14,0.003472222222222222,0
3,0.0485437731612637,15,0.003720238095238095,0
2,0.21399583138813502,10,0.00248015873015873,0
3,0.1851796557982461,18,0.004464285714285714,0
2,0.6930647271324021,12,0.002976190476190476,0
1,0.7978010596412298,19,0.004712301587301587,0
2,0.1451418823833419,19,0.004712301587301587,0
1,0.20302743126448403,15,0.003720238095238095,0
3,0.6796915770909708,11,0.002728174603174603,0
3,0.4930656856307958,18,0.004464285714285714,0
2,0.0010989035967164562,13,0.003224206349206349,0
3,0.11572502371086552,20,0.00496031746031746,0
2,0.1643372705047753,18,0.004464285714285714,0
1,0.07829891077532591,19,0.004712301587301587,0
2,0.06678246435073727,15,0.003720238095238095,0
2,0.01155505433524387,20,0.00496031746031746,0
2,0.309316703491763,11,0.002728174603174603,0
1,0.09135094321890651,18,0.004464285714285714,0
3,0.016130119733015456,11,0.002728174603174603,0
1,0.07879122163607305,12,0.002976190476190476,0
1,0.485716128316538,10,0.00248015873015873,0
1,0.5721292417583617,11,0.002728174603174603,0
2,0.19795216395591736,13,0.003224206349206349,0
1,0.16139259433503186,10,0.00248015873015873,0
3,1.1430253637734034,20,0.00496031746031746,0
2,0.06715488750320167,20,0.00496031746031746,0
2,0.07275880534039772,18,0.004464285714285714,0
3,0.10353707994832123,19,0.004712301587301587,0
2,0.056897153620927246,10,0.00248015873015873,0
2,0.14310392861451968,13,0.003224206349206349,0
3,0.7251774071038215,11,0.002728174603174603,0
1,0.28662475056974746,13,0.003224206349206349,0
3,0.15928122944830886,17,0.004216269841269841,0
1,0.8173032443887884,17,0.004216269841269841,0
3,0.014903400684205958,10,0.00248015873015873,0
0,0.11599825955725816,5,0.001240079365079365,0
0,0.02965282997434153,5,0.001240079365079365,0
0,0.07790755363795882,6,0.001488095238095238,0
0,0.1055443191414209,6,0.001488095238095238,0
0,0.18522960466486887,6,0.001488095238095238,0
0,0.04459437708705654,6,0.001488095238095238,0
1,0.14880203596779734,6,0.001488095238095238,0
0,0.16997432134861717,6,0.001488095238095238,0
1,0.0685672847462715,6,0.001488095238095238,0
0,0.08612431905698834,6,0.001488095238095238,0
0,0.04818453763131149,7,0.001736111111111111,0
0,0.08982694294598476,8,0.001984126984126984,0
0,0.09817050128285344,9,0.002232142857142857,0
0,0.13298249990411853,9,0.002232142857142857,0
0,0.15450917355102234,10,0.00248015873015873,0
0,0.06259519676891764,10,0.00248015873015873,0
1,0.40653498715480113,11,0.002728174603174603,1
2,0.7957510441447516,12,0.002976190476190476,1
3,0.8587075059937281,13,0.003224206349206349,1
4,0.8498835375370084,14,0.003472222222222222,1
4,0.7346653504981913,15,0.003720238095238095,1
4,0.824950419932787,16,0.003968253968253968,1
4,1.1030889616704496,17,0.004216269841269841,1
4,0.8763468337925019,18,0.004464285714285714,1
4,0.7253263149993832,19,0.004712301587301587,1
4,0.6999604365808009,20,0.00496031746031746,1
4,0.7660295284644539,21,0.005208333333333333,1
4,1.127347992366128,22,0.005456349206349206,1
5,1.4450097871421408,10,0.00248015873015873,1
5,1.4940616966437876,10,0.00248015873015873,1
5,1.3553059287191092,10,0.00248015873015873,1
5,1.8296950072325895,10,0.00248015873015873,1
5,2.0879511764234024,10,0.00248015873015873,1
5,1.6351839148294165,10,0.00248015873015873,1
5,1.5248318711356277,10,0.00248015873015873,1
5,1.5110348499522703,10,0.00248015873015873,1
5,0.7847079633642763,10,0.00248015873015873,1
5,1.7235452592854452,10,0.00248015873015873,1
5,1.5402499247987531,10,0.00248015873015873,1
5,1.6285026151982174,10,0.00248015873015873,1
0,0.06442689029581476,4,0.000992063492063492,0
1,0.08077715605114542,4,0.000992063492063492,0
0,0.07944875317484135,4,0.000992063492063492,0
0,0.15108114920365195,5,0.001240079365079365,0
1,0.08106200816984534,5,0.001240079365079365,0
1,0.2041330161054899,6,0.001488095238095238,0
1,0.12154312095075187,7,0.001736111111111111,0
0,0.036215867000213425,7,0.001736111111111111,0
1,0.09357268533740216,8,0.001984126984126984,0
0,0.06741624389217922,8,0.001984126984126984,0
1,0.0,8,0.001984126984126984,0
1,0.1799735470056895,9,0.002232142857142857,0
1,0.1351571271110002,10,0.00248015873015873,0
0,0.12666036589496563,10,0.00248015873015873,0
0,0.10827018301498521,11,0.002728174603174603,0
0,0.03089912156537812,11,0.002728174603174603,0
1,0.7032765720889127,12,0.002976190476190476,1
1,0.9683561549568026,13,0.003224206349206349,1
2,0.5897559940434995,14,0.003472222222222222,1
2,0.2936461367498373,15,0.003720238095238095,1
3,0.7545787984438148,16,0.003968253968253968,1
3,0.7716484891944924,17,0.004216269841269841,1
3,0.8271126832829419,18,0.004464285714285714,1
4,0.9457037287029073,19,0.004712301587301587,1
4,0.9275211624462418,20,0.00496031746031746,1
4,0.8517539610487843,21,0.005208333333333333,1
4,1.0391062776173419,22,0.005456349206349206,1
4,0.4962060438373371,23,0.005704365079365079,1
5,1.651374544343217,10,0.00248015873015873,1
5,1.6879615090010827,10,0.00248015873015873,1
5,1.1281313141759282,10,0.00248015873015873,1
5,1.0491388173952831,10,0.00248015873015873,1
5,1.2762173620573196,10,0.00248015873015873,1
5,1.3015375672454124,10,0.00248015873015873,1
5,1.7260258390507293,10,0.00248015873015873,1
5,1.3156383648926715,10,0.00248015873015873,1
5,1.2430954445156388,10,0.00248015873015873,1
5,1.3165098789916323,10,0.00248015873015873,1
5,1.8355897002462636,10,0.00248015873015873,1
5,1.5039130123130857,10,0.00248015873015873,1
0,0.09103744873215441,4,0.000992063492063492,0
0,0.09449972506494743,5,0.001240079365079365,0
1,0.16460301671632616,5,0.001240079365079365,0
0,0.06254141366983791,5,0.001240079365079365,0
0,0.1657754145470052,5,0.001240079365079365,0
1,0.11052481494607519,6,0.001488095238095238,0
0,0.09197903090123262,6,0.001488095238095238,0
1,0.22504502489671407,7,0.001736111111111111,0
0,0.047218025510070184,7,0.001736111111111111,0
1,0.0823157120216497,7,0.001736111111111111,0
0,0.038378438041799995,7,0.001736111111111111,0
0,0.1476230985268085,8,0.001984126984126984,0
1,0.18445944668258396,9,0.002232142857142857,0
0,0.18349613907023196,9,0.002232142857142857,0
0,0.16119743765730024,10,0.00248015873015873,0
0,0.09011897661020173,11,0.002728174603174603,0
1,0.7269518045020308,12,0.002976190476190476,1
1,0.465766045501187,13,0.003224206349206349,1
1,1.2071747070363585,14,0.003472222222222222,1
1,0.8937956156296936,15,0.003720238095238095,1
1,0.7016086190261034,16,0.003968253968253968,1
2,1.0656113777973935,17,0.004216269841269841,1
3,0.6054470966479999,18,0.004464285714285714,1
3,0.8813244068445348,19,0.004712301587301587,1
3,0.7654741731418331,20,0.00496031746031746,1
3,0.9277354279760602,21,0.005208333333333333,1
3,0.7872852921627758,22,0.005456349206349206,1
3,0.5098144217777552,23,0.005704365079365079,1
4,1.5226729118010114,8,0.001984126984126984,1
4,1.8146592425626087,8,0.001984126984126984,1
4,1.4912350782438044,8,0.001984126984126984,1
4,1.7325345364767257,8,0.001984126984126984,1
4,1.186341154297784,8,0.001984126984126984,1
4,1.4921217620190443,8,0.001984126984126984,1
4,1.3126468634734267,8,0.001984126984126984,1
4,1.7240942520314129,8,0.001984126984126984,1
4,1.5094474686785988,8,0.001984126984126984,1
4,1.7070221029009838,8,0.001984126984126984,1
4,1.8263131278473599,8,0.001984126984126984,1
4,1.7074855725364164,8,0.001984126984126984,1
1,0.11365592171468222,4,0.000992063492063492,0
0,0.05008938707442974,4,0.000992063492063492,0
0,0.09986069446665494,4,0.000992063492063492,0
0,0.07334547989920835,5,0.001240079365079365,0
0,0.08279680216478867,6,0.001488095238095238,0
1,0.08127329246248746,6,0.001488095238095238,0
1,0.05100372126088778,7,0.001736111111111111,0
1,0.0021330705433005026,7,0.001736111111111111,0
1,0.06659284758361167,7,0.001736111111111111,0
1,0.10966897259620796,7,0.001736111111111111,0
0,0.032591147728625494,8,0.001984126984126984,0
1,0.10078411182358123,8,0.001984126984126984,0
0,0.19501342121554824,9,0.002232142857142857,0
1,0.15115282776261196,9,0.002232142857142857,0
0,0.18217707545602646,9,0.002232142857142857,0
1,0.11955639384663631,10,0.00248015873015873,0
2,1.0335019645972894,11,0.002728174603174603,1
2,0.6552070539064425,12,0.002976190476190476,1
2,0.6711319465956032,13,0.003224206349206349,1
3,0.2521719587725054,14,0.003472222222222222,1
3,1.03722909480846,15,0.003720238095238095,1
4,1.1080647959639773,16,0.003968253968253968,1
4,0.689364550930546,17,0.004216269841269841,1
4,0.749209658720553,18,0.004464285714285714,1
4,0.6492275772618077,19,0.004712301587301587,1
4,0.8765307102954983,20,0.00496031746031746,1
4,1.0249865090606483,21,0.005208333333333333,1
4,0.45144560522379185,22,0.005456349206349206,1
5,1.6228315591926756,10,0.00248015873015873,1
5,1.4169984684842565,10,0.00248015873015873,1
5,1.5340183175900068,10,0.00248015873015873,1
5,1.6376982005022873,10,0.00248015873015873,1
5,1.4435392683681536,10,0.00248015873015873,1
5,1.4689239439782658,10,0.00248015873015873,1
5,1.4358374497336084,10,0.00248015873015873,1
5,1.7910948605364845,10,0.00248015873015873,1
5,1.625627988038249,10,0.00248015873015873,1
5,1.5661750613212082,10,0.00248015873015873,1
5,1.1187144836723153,10,0.00248015873015873,1
5,1.3864260770360537,10,0.00248015873015873,1
0,0.14493345801695873,4,0.000992063492063492,0
0,0.10188482865619615,5,0.001240079365079365,0
0,0.13297657347945693,6,0.001488095238095238,0
0,0.1883255900163817,6,0.001488095238095238,0
1,0.15193030346044084,7,0.001736111111111111,0
1,0.10465791688498713,8,0.001984126984126984,0
0,0.07445054149021366,8,0.001984126984126984,0
0,0.0,9,0.002232142857142857,0
0,0.09158075387635738,9,0.002232142857142857,0
1,0.08369937520915754,10,0.00248015873015873,0
0,0.11951830971976879,10,0.00248015873015873,0
1,0.09230473865126562,11,0.002728174603174603,0
0,0.08398074702816029,12,0.002976190476190476,0
0,0.011030053474638965,12,0.002976190476190476,0
0,0.05300160854249668,13,0.003224206349206349,0
0,0.12383255204002788,14,0.003472222222222222,0
0,1.143181526226539,15,0.003720238095238095,1
1,0.7804949232508753,16,0.003968253968253968,1
1,0.8655622147148248,17,0.004216269841269841,1
2,0.9904956313905611,18,0.004464285714285714,1
3,0.6378212127599501,19,0.004712301587301587,1
3,0.8733628086570885,20,0.00496031746031746,1
4,0.6519019787335684,21,0.005208333333333333,1
4,0.9729648876982023,22,0.005456349206349206,1
4,0.8302806095903466,23,0.005704365079365079,1
5,0.859690362796288,24,0.005952380952380952,1
5,0.6434802805162823,25,0.006200396825396825,1
5,0.9414064719221571,26,0.006448412698412698,1
6,2.1254138763693047,12,0.002976190476190476,1
6,1.1976264913715382,12,0.002976190476190476,1
6,1.398072297705743,12,0.002976190476190476,1
6,1.5694822422504275,12,0.002976190476190476,1
6,1.735921863598745,12,0.002976190476190476,1
6,1.3321361144131594,12,0.002976190476190476,1
6,0.650090912957178,12,0.002976190476190476,1
6,1.9077568482492075,12,0.002976190476190476,1
6,1.7281518358752428,12,0.002976190476190476,1
6,0.9771157408540005,12,0.002976190476190476,1
6,1.3177293624661333,12,0.002976190476190476,1
6,1.970454728858198,12,0.002976190476190476,1
0,0.1723898209228933,4,0.000992063492063492,0
0,0.14693200113394725,4,0.000992063492063492,0
0,0.09119437830200687,5,0.001240079365079365,0
0,0.1041493709406255,6,0.001488095238095238,0
0,0.09345370974369369,6,0.001488095238095238,0
1,0.1564119891634419,6,0.001488095238095238,0
0,0.056207879675244495,6,0.001488095238095238,0
0,0.05971001725578977,7,0.001736111111111111,0
0,0.1505137293418008,7,0.001736111111111111,0
0,0.09778192722442193,7,0.001736111111111111,0
0,0.1689233677726904,7,0.001736111111111111,0
0,0.06642438965097272,7,0.001736111111111111,0
1,0.09726108198305874,7,0.001736111111111111,0
0,0.05387935075780234,8,0.001984126984126984,0
0,0.10036813407117837,9,0.002232142857142857,0
0,0.026072653150060063,10,0.00248015873015873,0
1,0.7024733158090075,11,0.002728174603174603,1
2,0.5127492270143765,12,0.002976190476190476,1
2,0.9387846466382517,13,0.003224206349206349,1
2,0.9433178679519304,14,0.003472222222222222,1
2,0.453947453903131,15,0.003720238095238095,1
2,1.0667771491001146,16,0.003968253968253968,1
2,1.2994830252839709,17,0.004216269841269841,1
2,0.8092012773472682,18,0.004464285714285714,1
2,0.671777147955071,19,0.004712301587301587,1
2,1.3648661182006094,20,0.00496031746031746,1
2,0.5362063003394979,21,0.005208333333333333,1
2,0.8040212933738197,22,0.005456349206349206,1
3,1.5538866817895771,6,0.001488095238095238,1
3,1.9035442861357244,6,0.001488095238095238,1
3,1.6079216925380366,6,0.001488095238095238,1
3,1.3504098312634647,6,0.001488095238095238,1
3,1.214644688883613,6,0.001488095238095238,1
3,1.3974534539261594,6,0.001488095238095238,1
3,1.1979217917164569,6,0.001488095238095238,1
3,1.514347595935405,6,0.001488095238095238,1
3,1.3307411460418541,6,0.001488095238095238,1
3,1.0517886620130747,6,0.001488095238095238,1
3,1.876543736512471,6,0.001488095238095238,1
3,1.3506982429712882,6,0.001488095238095238,1
1,0.03659315975123438,4,0.000992063492063492,0
1,0.09158704327562293,5,0.001240079365079365,0
0,0.10341857829838294,6,0.001488095238095238,0
1,0.012676663721048323,7,0.001736111111111111,0
0,0.11658238335628815,7,0.001736111111111111,0
1,0.04764212156548678,7,0.001736111111111111,0
1,0.1855514404595394,7,0.001736111111111111,0
0,0.12619802560383675,8,0.001984126984126984,0
1,0.08000500049453418,8,0.001984126984126984,0
0,0.06274161148413249,8,0.001984126984126984,0
1,0.0947516146218188,9,0.002232142857142857,0
0,0.13063953707916448,10,0.00248015873015873,0
0,0.09872529357074002,11,0.002728174603174603,0
0,0.08914205964315718,12,0.002976190476190476,0
0,0.10291851454089479,12,0.002976190476190476,0
0,0.06980705343815227,13,0.003224206349206349,0
1,0.7313588146313925,14,0.003472222222222222,1
2,0.3828415122189992,15,0.003720238095238095,1
2,0.9947452461704736,16,0.003968253968253968,1
2,0.8597595560643524,17,0.004216269841269841,1
2,0.645308831193314,18,0.004464285714285714,1
2,1.1797469962710478,19,0.004712301587301587,1
2,0.8174032960784774,20,0.00496031746031746,1
2,0.5927712856049607,21,0.005208333333333333,1
2,0.9713474842940917,22,0.005456349206349206,1
2,0.8796096433018525,23,0.005704365079365079,1
2,0.8789159970968439,24,0.005952380952380952,1
2,0.714848879069682,25,0.006200396825396825,1
3,1.6351487171334105,6,0.001488095238095238,1
3,1.4214725129336716,6,0.001488095238095238,1
3,1.6667824354937526,6,0.001488095238095238,1
3,0.9285166637968084,6,0.001488095238095238,1
3,1.3698379611062432,6,0.001488095238095238,1
3,2.0166465293424585,6,0.001488095238095238,1
3,1.26987976337991,6,0.001488095238095238,1
3,1.318848510752044,6,0.001488095238095238,1
3,1.3656115984650075,6,0.001488095238095238,1
3,1.135558159233407,6,0.001488095238095238,1
3,0.8375157671315244,6,0.001488095238095238,1
3,1.4308240804429162,6,0.001488095238095238,1
0,0.10679297120408285,4,0.000992063492063492,0
0,0.0973747465730674,5,0.001240079365079365,0
0,0.09275607190260567,6,0.001488095238095238,0
1,0.10215204354251939,6,0.001488095238095238,0
0,0.15114207357753823,6,0.001488095238095238,0
0,0.09047769070353917,7,0.001736111111111111,0
1,0.07129587114563653,7,0.001736111111111111,0
1,0.0859437257555957,7,0.001736111111111111,0
0,0.1289673379878388,8,0.001984126984126984,0
0,0.17060134392716247,8,0.001984126984126984,0
0,0.06859281304154108,8,0.001984126984126984,0
0,0.10494668935144419,8,0.001984126984126984,0
1,0.11691787209679799,8,0.001984126984126984,0
0,0.050371099663558856,8,0.001984126984126984,0
1,0.10102085836064591,9,0.002232142857142857,0
0,0.026716307132895245,9,0.002232142857142857,0
1,0.44618993925212025,10,0.00248015873015873,1
1,0.8733492815784515,11,0.002728174603174603,1
2,0.7232250517338434,12,0.002976190476190476,1
3,0.8404560815242439,13,0.003224206349206349,1
3,0.79642100459833,14,0.003472222222222222,1
3,0.6047199902672405,15,0.003720238095238095,1
3,0.7909491396071328,16,0.003968253968253968,1
3,0.553379738997029,17,0.004216269841269841,1
3,1.0781944716002803,18,0.004464285714285714,1
3,0.5288059310280073,19,0.004712301587301587,1
3,0.7608429458062838,20,0.00496031746031746,1
3,0.5915456823905504,21,0.005208333333333333,1
4,1.6711263520082387,8,0.001984126984126984,1
4,1.400570588615549,8,0.001984126984126984,1
4,1.344399984113637,8,0.001984126984126984,1
4,1.7559604635154664,8,0.001984126984126984,1
4,1.5088291775032656,8,0.001984126984126984,1
4,1.6549933337807903,8,0.001984126984126984,1
4,1.2056022190447606,8,0.001984126984126984,1
4,1.0785549168217479,8,0.001984126984126984,1
4,1.5321623886120401,8,0.001984126984126984,1
4,1.4043460933515806,8,0.001984126984126984,1
4,1.6879304017361834,8,0.001984126984126984,1
4,1.476027464201235,8,0.001984126984126984,1
0,0.1102537669617315,4,0.000992063492063492,0
1,0.018830873502937828,4,0.000992063492063492,0
1,0.19442184698071285,4,0.000992063492063492,0
0,0.0917879007483984,4,0.000992063492063492,0
0,0.13487934851695996,5,0.001240079365079365,0
1,0.05819541648901868,6,0.001488095238095238,0
0,0.11540049511086706,6,0.001488095238095238,0
0,0.03485776182376274,7,0.001736111111111111,0
1,0.12260339191298356,8,0.001984126984126984,0
0,0.08220129578070837,9,0.002232142857142857,0
1,0.10145952519677838,9,0.002232142857142857,0
1,0.13489870150650488,10,0.00248015873015873,0
0,0.03837298443898599,10,0.00248015873015873,0
1,0.06577541346936015,10,0.00248015873015873,0
1,0.12286621405433829,11,0.002728174603174603,0
1,0.20491107372733736,11,0.002728174603174603,0
2,0.7723835330677037,12,0.002976190476190476,1
3,0.9182272235847866,13,0.003224206349206349,1
3,0.778605706028304,14,0.003472222222222222,1
3,1.18844911895126,15,0.003720238095238095,1
3,0.4505556666069489,16,0.003968253968253968,1
4,0.8189242089338716,17,0.004216269841269841,1
4,0.47489119328758783,18,0.004464285714285714,1
4,0.29868568589265665,19,0.004712301587301587,1
5,0.8594924106235633,20,0.00496031746031746,1
5,0.8278995592294918,21,0.005208333333333333,1
5,0.7430326124515598,22,0.005456349206349206,1
5,0.7787611819920495,23,0.005704365079365079,1
6,2.429489830221377,12,0.002976190476190476,1
6,1.4225474585905697,12,0.002976190476190476,1
6,1.6530373083750225,12,0.002976190476190476,1
6,1.3051905541158357,12,0.002976190476190476,1
6,1.588569772512181,12,0.002976190476190476,1
6,1.4285298974833147,12,0.002976190476190476,1
6,1.376844455181081,12,0.002976190476190476,1
6,2.0456695596600976,12,0.002976190476190476,1
6,1.8531554889553017,12,0.002976190476190476,1
6,1.5410239942197692,12,0.002976190476190476,1
6,0.8087364192168099,12,0.002976190476190476,1
6,1.391697233024229,12,0.002976190476190476,1
0,0.2351513782202542,3,0.000744047619047619,0
0,0.0884669166680146,4,0.000992063492063492,0
0,0.1551608786026829,5,0.001240079365079365,0
0,0.17209712009763006,5,0.001240079365079365,0
1,0.11094819579279876,5,0.001240079365079365,0
1,0.05790891840659239,6,0.001488095238095238,0
0,0.0,7,0.001736111111111111,0
0,0.13420816043044773,7,0.001736111111111111,0
0,0.0592621998588226,7,0.001736111111111111,0
0,0.10880752259438461,7,0.001736111111111111,0
0,0.037508983020531794,8,0.001984126984126984,0
0,0.08673812297648989,9,0.002232142857142857,0
1,0.10168595274505267,10,0.00248015873015873,0
0,0.1134296790522149,11,0.002728174603174603,0
0,0.04425889063237929,12,0.002976190476190476,0
0,0.15984554743806761,12,0.002976190476190476,0
0,0.6806210430536057,13,0.003224206349206349,1
1,0.465106107909351,14,0.003472222222222222,1
1,0.7781953160073073,15,0.003720238095238095,1
1,0.8068750618052921,16,0.003968253968253968,1
1,0.832117886634352,17,0.004216269841269841,1
1,1.0724264807370159,18,0.004464285714285714,1
2,0.7527102326528282,19,0.004712301587301587,1
2,0.7760760751262458,20,0.00496031746031746,1
2,0.5793631237533814,21,0.005208333333333333,1
2,0.9641107005775794,22,0.005456349206349206,1
2,0.8368618128156208,23,0.005704365079365079,1
2,0.7159944545411675,24,0.005952380952380952,1
3,0.928597591960361,6,0.001488095238095238,1
3,1.9333236585165263,6,0.001488095238095238,1
3,1.1316960106631828,6,0.001488095238095238,1
3,1.3226165971890884,6,0.001488095238095238,1
3,1.607503353322801,6,0.001488095238095238,1
3,1.1410326214149942,6,0.001488095238095238,1
3,1.051947066524057,6,0.001488095238095238,1
3,0.8628157251898005,6,0.001488095238095238,1
3,1.7162990858716907,6,0.001488095238095238,1
3,1.3364441265821034,6,0.001488095238095238,1
3,2.378181027741999,6,0.001488095238095238,1
3,1.201693480310738,6,0.001488095238095238,1
0,0.05392744882855394,3,0.000744047619047619,0
1,0.07173035148572993,3,0.000744047619047619,0
0,0.11215673275692446,4,0.000992063492063492,0
0,0.07648983306073444,5,0.001240079365079365,0
0,0.13061661070012562,6,0.001488095238095238,0
0,0.051070580500567286,6,0.001488095238095238,0
0,0.030920414076820946,7,0.001736111111111111,0
0,0.010089263029544632,7,0.001736111111111111,0
0,0.0,7,0.001736111111111111,0
0,0.07409654902624717,8,0.001984126984126984,0
0,0.0849509843803389,9,0.002232142857142857,0
0,0.06842814862584085,9,0.002232142857142857,0
0,0.1621702898593581,10,0.00248015873015873,0
1,0.16140151048040677,11,0.002728174603174603,0
0,0.08325985062777491,12,0.002976190476190476,0
0,0.010303944340401855,13,0.003224206349206349,0
0,0.6866589783889895,14,0.003472222222222222,1
1,0.6800357212165877,15,0.003720238095238095,1
2,0.6685730075443884,16,0.003968253968253968,1
2,0.660456219220351,17,0.004216269841269841,1
2,0.6693074208550386,18,0.004464285714285714,1
3,0.7226916768204481,19,0.004712301587301587,1
4,0.6728917802368887,20,0.00496031746031746,1
4,0.8416645017251185,21,0.005208333333333333,1
4,0.8720737431809723,22,0.005456349206349206,1
4,0.617870982563502,23,0.005704365079365079,1
4,1.0542130652014068,24,0.005952380952380952,1
4,0.6039875396318772,25,0.006200396825396825,1
5,1.0146598158553988,10,0.00248015873015873,1
5,1.6142334214095155,10,0.00248015873015873,1
5,1.254777559675698,10,0.00248015873015873,1
5,1.5963874412272163,10,0.00248015873015873,1
5,0.7788994196698409,10,0.00248015873015873,1
5,1.9177367824449203,10,0.00248015873015873,1
5,1.7016880224121207,10,0.00248015873015873,1
5,1.0498570352510996,10,0.00248015873015873,1
5,1.0563668628461143,10,0.00248015873015873,1
5,2.0016797712292584,10,0.00248015873015873,1
5,1.2787860289506123,10,0.00248015873015873,1
5,1.249744545380213,10,0.00248015873015873,1
0,0.0,4,0.000992063492063492,0
0,0.0824610897199223,5,0.001240079365079365,0
1,0.08861401925821236,5,0.001240079365079365,0
0,0.13577465483847428,6,0.001488095238095238,0
0,0.030046078590776223,7,0.001736111111111111,0
0,0.023985660387969523,8,0.001984126984126984,0
0,0.12254813173882385,9,0.002232142857142857,0
0,0.15033650356135325,10,0.00248015873015873,0
0,0.021442382444105845,11,0.002728174603174603,0
1,0.15407570431498707,12,0.002976190476190476,0
1,0.10187709207434108,13,0.003224206349206349,0
0,0.1545902669537323,13,0.003224206349206349,0
0,0.09648898192411917,14,0.003472222222222222,0
0,0.0,15,0.003720238095238095,0
0,0.09240163088419806,15,0.003720238095238095,0
1,0.15300719093356352,16,0.003968253968253968,0
2,0.6212507961832572,17,0.004216269841269841,1
3,0.7224070062185096,18,0.004464285714285714,1
3,0.7647732992898044,19,0.004712301587301587,1
3,0.2200972240263036,20,0.00496031746031746,1
3,1.1342695150874953,21,0.005208333333333333,1
3,0.6197248640205651,22,0.005456349206349206,1
3,0.9011470864945599,23,0.005704365079365079,1
4,0.7826597727703583,24,0.005952380952380952,1
5,1.051523811271872,25,0.006200396825396825,1
5,0.8812112244856163,26,0.006448412698412698,1
5,0.7530151456958051,27,0.006696428571428571,1
5,0.621296981496144,28,0.006944444444444444,1
6,1.7393552104146417,12,0.002976190476190476,1
6,0.937967608813615,12,0.002976190476190476,1
6,1.6937671260827678,12,0.002976190476190476,1
6,1.1702865745335382,12,0.002976190476190476,1
6,1.875685098586992,12,0.002976190476190476,1
6,1.5483898627988086,12,0.002976190476190476,1
6,1.6932371303550326,12,0.002976190476190476,1
6,1.524596644147416,12,0.002976190476190476,1
6,0.974286871457701,12,0.002976190476190476,1
6,1.2417812509813984,12,0.002976190476190476,1
6,1.7017168012834147,12,0.002976190476190476,1
6,1.5499967452079533,12,0.002976190476190476,1
0,0.1590494952652836,4,0.000992063492063492,0
0,0.12016372815185859,4,0.000992063492063492,0
1,0.05166490546486702,5,0.001240079365079365,0
1,0.060196793113968305,6,0.001488095238095238,0
0,0.10514586952616187,6,0.001488095238095238,0
0,0.0,6,0.001488095238095238,0
1,0.18367209428114928,7,0.001736111111111111,0
0,0.12208733681887787,7,0.001736111111111111,0
1,0.16135172985244361,7,0.001736111111111111,0
1,0.020969802959541553,7,0.001736111111111111,0
0,0.1622282580177628,7,0.001736111111111111,0
1,0.21157494555138745,8,0.001984126984126984,0
0,0.033956082231134124,9,0.002232142857142857,0
1,0.13857008974518834,10,0.00248015873015873,0
0,0.10005549723436466,10,0.00248015873015873,0
1,0.02277830758758778,11,0.002728174603174603,0
2,0.898576794370374,12,0.002976190476190476,1
2,0.9667206409674698,13,0.003224206349206349,1
2,0.6797746894662307,14,0.003472222222222222,1
2,1.0331833040510445,15,0.003720238095238095,1
2,0.46664731864216047,16,0.003968253968253968,1
2,0.5010487707100713,17,0.004216269841269841,1
2,0.8273194791177505,18,0.004464285714285714,1
2,0.8050770555944544,19,0.004712301587301587,1
2,0.656685302315179,20,0.00496031746031746,1
2,0.9619188871943772,21,0.005208333333333333,1
2,0.9061788628431899,22,0.005456349206349206,1
2,0.9716278141868032,23,0.005704365079365079,1
3,1.4630590693943197,6,0.001488095238095238,1
3,1.6807740803935023,6,0.001488095238095238,1
3,1.3663049090910016,6,0.001488095238095238,1
3,2.1161456070259788,6,0.001488095238095238,1
3,1.2562362689634043,6,0.001488095238095238,1
3,2.131589228837494,6,0.001488095238095238,1
3,1.5104663841268227,6,0.001488095238095238,1
3,1.0873467331293771,6,0.001488095238095238,1
3,1.9104238051465803,6,0.001488095238095238,1
3,1.5377704165184878,6,0.001488095238095238,1
3,1.7553372295140715,6,0.001488095238095238,1
3,1.867156775562778,6,0.001488095238095238,1
0,0.11689777770725127,5,0.001240079365079365,0
0,0.07038795775935927,6,0.001488095238095238,0
0,0.1487856688834625,6,0.001488095238095238,0
0,0.10003777537272979,6,0.001488095238095238,0
0,0.13429289093042096,7,0.001736111111111111,0
0,0.0,7,0.001736111111111111,0
0,0.1223490858504926,8,0.001984126984126984,0
1,0.0680707087427485,9,0.002232142857142857,0
0,0.18266548185892653,10,0.00248015873015873,0
0,0.13115436739445477,10,0.00248015873015873,0
1,0.11199288729246484,11,0.002728174603174603,0
0,0.12431549966751108,12,0.002976190476190476,0
1,0.05007795735616409,13,0.003224206349206349,0
0,0.1811628345264027,14,0.003472222222222222,0
0,0.19956852092084523,14,0.003472222222222222,0
1,0.11964567552741082,14,0.003472222222222222,0
2,1.1180807137147277,15,0.003720238095238095,1
3,0.6861703602654933,16,0.003968253968253968,1
3,0.6405772867550039,17,0.004216269841269841,1
3,0.8081849497457846,18,0.004464285714285714,1
3,0.8869882076735798,19,0.004712301587301587,1
3,0.721202663751376,20,0.00496031746031746,1
3,0.9075536380736968,21,0.005208333333333333,1
3,0.8612778964146829,22,0.005456349206349206,1
3,0.600338644941789,23,0.005704365079365079,1
3,0.9037586034903443,24,0.005952380952380952,1
3,0.9727056485043043,25,0.006200396825396825,1
3,0.8342938635180782,26,0.006448412698412698,1
4,1.8457944309785077,8,0.001984126984126984,1
4,1.1347788619509145,8,0.001984126984126984,1
4,1.6403851266395555,8,0.001984126984126984,1
4,1.1489157880809675,8,0.001984126984126984,1
4,1.1657755925300737,8,0.001984126984126984,1
4,1.310720749878663,8,0.001984126984126984,1
4,1.2173819449277266,8,0.001984126984126984,1
4,1.3356012543776588,8,0.001984126984126984,1
4,1.4357549067866433,8,0.001984126984126984,1
4,1.7511463458994152,8,0.001984126984126984,1
4,1.4036522883882894,8,0.001984126984126984,1
4,1.0243122879691222,8,0.001984126984126984,1
0,0.15700339232475802,5,0.001240079365079365,0
1,0.05814549331924802,5,0.001240079365079365,0
0,0.09706397864476857,6,0.001488095238095238,0
0,0.12232682534703558,7,0.001736111111111111,0
1,0.10998052092013914,8,0.001984126984126984,0
0,0.15470897737607378,9,0.002232142857142857,0
0,0.12395015716963795,10,0.00248015873015873,0
0,0.0569345210151446,10,0.00248015873015873,0
1,0.20892810869958311,10,0.00248015873015873,0
0,0.10971667316691167,11,0.002728174603174603,0
1,0.09263298866892469,12,0.002976190476190476,0
0,0.14819627115277856,12,0.002976190476190476,0
0,0.11247254729650362,12,0.002976190476190476,0
0,0.11996140964696636,13,0.003224206349206349,0
1,0.22460919993003436,13,0.003224206349206349,0
0,0.08624392858724766,14,0.003472222222222222,0
1,0.7364478211965209,15,0.003720238095238095,1
2,0.8233157024024929,16,0.003968253968253968,1
2,1.0143031871162078,17,0.004216269841269841,1
2,0.4986931939619202,18,0.004464285714285714,1
2,0.406888821704699,19,0.004712301587301587,1
2,0.6825769458759705,20,0.00496031746031746,1
2,0.47321540818814256,21,0.005208333333333333,1
2,0.7150337304948724,22,0.005456349206349206,1
2,0.9004999392258581,23,0.005704365079365079,1
3,0.6218502272895473,24,0.005952380952380952,1
4,0.5146346846437315,25,0.006200396825396825,1
4,0.8138674323430697,26,0.006448412698412698,1
5,1.758763045384551,10,0.00248015873015873,1
5,0.9915079684450162,10,0.00248015873015873,1
5,1.7460697194917953,10,0.00248015873015873,1
5,1.7451918611214978,10,0.00248015873015873,1
5,1.7862255306469885,10,0.00248015873015873,1
5,1.865544064461506,10,0.00248015873015873,1
5,2.160604177397885,10,0.00248015873015873,1
5,1.3931723854142835,10,0.00248015873015873,1
5,1.5328714740233573,10,0.00248015873015873,1
5,1.3750684700255924,10,0.00248015873015873,1
5,1.5005930534267433,10,0.00248015873015873,1
5,1.9598620066908936,10,0.00248015873015873,1
1,0.032749275803466565,3,0.000744047619047619,0
1,0.05694751639172123,4,0.000992063492063492,0
0,0.16885904682522807,5,0.001240079365079365,0
0,0.1510018253451045,6,0.001488095238095238,0
0,0.0818434176591461,6,0.001488095238095238,0
0,0.142720100056036,7,0.001736111111111111,0
0,0.11706079212460167,8,0.001984126984126984,0
1,0.17501373045004942,8,0.001984126984126984,0
1,0.10372547969133863,9,0.002232142857142857,0
1,0.15128160569362914,10,0.00248015873015873,0
0,0.23210059552463103,10,0.00248015873015873,0
0,0.12990495775237332,11,0.002728174603174603,0
0,0.10246640828974218,12,0.002976190476190476,0
0,0.136122349261049,13,0.003224206349206349,0
0,0.08173595708980576,13,0.003224206349206349,0
0,0.21939838527623662,13,0.003224206349206349,0
1,0.8360142075391963,14,0.003472222222222222,1
2,0.7454133359548974,15,0.003720238095238095,1
3,0.6328621989959928,16,0.003968253968253968,1
3,1.0194440383212877,17,0.004216269841269841,1
4,0.9734374825655479,18,0.004464285714285714,1
4,0.7005291257171814,19,0.004712301587301587,1
4,0.9152902690244846,20,0.00496031746031746,1
4,0.4982888063574287,21,0.005208333333333333,1
4,0.8369941150146313,22,0.005456349206349206,1
4,0.890551270415339,23,0.005704365079365079,1
4,1.1414659619118446,24,0.005952380952380952,1
5,0.6458362394542622,25,0.006200396825396825,1
6,1.1164942113593028,12,0.002976190476190476,1
6,1.2313716117224875,12,0.002976190476190476,1
6,1.099029449905524,12,0.002976190476190476,1
6,1.9009972073276948,12,0.002976190476190476,1
6,1.964591788507211,12,0.002976190476190476,1
6,1.5960649733846486,12,0.002976190476190476,1
6,1.8663884837055444,12,0.002976190476190476,1
6,1.5401875141740706,12,0.002976190476190476,1
6,1.4714665056897702,12,0.002976190476190476,1
6,1.4000887142838716,12,0.002976190476190476,1
6,1.4068827025867303,12,0.002976190476190476,1
6,1.0356595331072906,12,0.002976190476190476,1
1,0.11321273818036696,3,0.000744047619047619,0
0,0.09798330448929782,4,0.000992063492063492,0
0,0.1372680362038938,5,0.001240079365079365,0
0,0.10467617482193049,6,0.001488095238095238,0
0,0.09186481492154541,6,0.001488095238095238,0
1,0.056440348499618466,6,0.001488095238095238,0
0,0.10360766184108808,6,0.001488095238095238,0
0,0.13691186154080812,7,0.001736111111111111,0
0,0.042833050445806965,8,0.001984126984126984,0
1,0.10437368768403697,8,0.001984126984126984,0
0,0.11165214757647421,9,0.002232142857142857,0
1,0.06409676081908679,10,0.00248015873015873,0
0,0.0706071847546,10,0.00248015873015873,0
1,0.11153054243831073,11,0.002728174603174603,0
0,0.043328949085368856,11,0.002728174603174603,0
0,0.11749618576246963,11,0.002728174603174603,0
0,0.62092912526816,12,0.002976190476190476,1
1,1.0125707386066434,13,0.003224206349206349,1
1,1.26756554907766,14,0.003472222222222222,1
2,0.6278486396596361,15,0.003720238095238095,1
2,0.906841572474935,16,0.003968253968253968,1
3,0.6546516190235961,17,0.004216269841269841,1
3,1.0081908347595578,18,0.004464285714285714,1
4,0.5469483181829571,19,0.004712301587301587,1
5,0.8961173516855425,20,0.00496031746031746,1
5,0.6254022066221295,21,0.005208333333333333,1
5,0.7586030821803262,22,0.005456349206349206,1
5,0.5937949449705386,23,0.005704365079365079,1
6,1.746705141268726,12,0.002976190476190476,1
6,1.2489058936681239,12,0.002976190476190476,1
6,1.6655892777995482,12,0.002976190476190476,1
6,1.3967705915213,12,0.002976190476190476,1
6,1.465658288460341,12,0.002976190476190476,1
6,1.5443267722200384,12,0.002976190476190476,1
6,1.2714525985023455,12,0.002976190476190476,1
6,1.5631101340622662,12,0.002976190476190476,1
6,1.9591003693063234,12,0.002976190476190476,1
6,1.2665715642501858,12,0.002976190476190476,1
6,1.8515430429821533,12,0.002976190476190476,1
6,1.9494292900463353,12,0.002976190476190476,1
1,0.05919225054859781,3,0.000744047619047619,0
0,0.02724726974547241,4,0.000992063492063492,0
0,0.11509804500858824,5,0.001240079365079365,0
1,0.07262962386165636,6,0.001488095238095238,0
0,0.19343016095815013,6,0.001488095238095238,0
0,0.10174037702499161,7,0.001736111111111111,0
0,0.059890029598241044,7,0.001736111111111111,0
1,0.04264202444941443,7,0.001736111111111111,0
1,0.15449524795454153,7,0.001736111111111111,0
0,0.07144080129579068,8,0.001984126984126984,0
1,0.10219143997302142,9,0.002232142857142857,0
1,0.14779013725562407,10,0.00248015873015873,0
1,0.0757870824034585,10,0.00248015873015873,0
0,0.09770355856299197,10,0.00248015873015873,0
0,0.09917157950887401,11,0.002728174603174603,0
0,0.1341662255758046,12,0.002976190476190476,0
0,0.9181488671020652,13,0.003224206349206349,1
1,0.7559772537490344,14,0.003472222222222222,1
1,0.8127298122993036,15,0.003720238095238095,1
1,0.7256441976953023,16,0.003968253968253968,1
2,0.504477518616111,17,0.004216269841269841,1
2,0.8515201714796259,18,0.004464285714285714,1
2,1.1784383521666135,19,0.004712301587301587,1
2,0.6232561718617875,20,0.00496031746031746,1
3,0.6453940580794595,21,0.005208333333333333,1
4,0.6258544456712518,22,0.005456349206349206,1
4,0.9449183557446246,23,0.005704365079365079,1
4,0.889697090839288,24,0.005952380952380952,1
5,1.452438692275063,10,0.00248015873015873,1
5,1.2245942815083106,10,0.00248015873015873,1
5,1.5277130374919774,10,0.00248015873015873,1
5,1.0306133617992588,10,0.00248015873015873,1
5,1.543027970057248,10,0.00248015873015873,1
5,1.7614573158263802,10,0.00248015873015873,1
5,1.1246402590098967,10,0.00248015873015873,1
5,1.040244516951101,10,0.00248015873015873,1
5,1.9738313675084578,10,0.00248015873015873,1
5,1.3164721081486246,10,0.00248015873015873,1
5,1.8407843537831465,10,0.00248015873015873,1
5,1.4538007004406506,10,0.00248015873015873,1
0,0.09190225915293364,4,0.000992063492063492,0
0,0.12192063497483227,5,0.001240079365079365,0
1,0.05580005716267797,6,0.001488095238095238,0
0,0.10662485717478229,6,0.001488095238095238,0
1,0.08092552925879537,7,0.001736111111111111,0
0,0.03397532782974842,8,0.001984126984126984,0
0,0.11687410373631996,8,0.001984126984126984,0
0,0.08683460965610419,9,0.002232142857142857,0
0,0.09214875857776461,9,0.002232142857142857,0
0,0.03949195282929211,10,0.00248015873015873,0
1,0.1795700183881402,11,0.002728174603174603,0
0,0.1438357093193058,12,0.002976190476190476,0
0,0.14820779420859895,12,0.002976190476190476,0
1,0.0847277648779159,13,0.003224206349206349,0
0,0.01354085552482899,14,0.003472222222222222,0
0,0.19764586912447554,15,0.003720238095238095,0
1,0.7877804983988265,16,0.003968253968253968,1
2,0.6502400407959893,17,0.004216269841269841,1
3,0.8833603148966228,18,0.004464285714285714,1
3,1.0334241576006595,19,0.004712301587301587,1
4,0.7953898887829068,20,0.00496031746031746,1
5,1.0557150335878749,21,0.005208333333333333,1
5,1.0165999877033738,22,0.005456349206349206,1
5,0.5847237625195884,23,0.005704365079365079,1
5,0.6652419788681048,24,0.005952380952380952,1
5,0.9915074326559535,25,0.006200396825396825,1
5,0.2574774872379124,26,0.006448412698412698,1
5,0.7701088613670023,27,0.006696428571428571,1
6,1.0707506395125985,12,0.002976190476190476,1
6,1.3570338595699427,12,0.002976190476190476,1
6,1.4103539732912387,12,0.002976190476190476,1
6,1.3925266866277477,12,0.002976190476190476,1
6,1.3343216243662175,12,0.002976190476190476,1
6,1.1708569051113558,12,0.002976190476190476,1
6,2.1875733800456056,12,0.002976190476190476,1
6,2.0602386012484053,12,0.002976190476190476,1
6,1.151380253923115,12,0.002976190476190476,1
6,1.9746350253910703,12,0.002976190476190476,1
6,1.380160352858144,12,0.002976190476190476,1
6,1.538756241999513,12,0.002976190476190476,1
1,0.09683630200515421,4,0.000992063492063492,0
1,0.0670125679373017,4,0.000992063492063492,0
0,0.14919261718030735,5,0.001240079365079365,0
0,0.10629432652883289,6,0.001488095238095238,0
1,0.07617242883903794,6,0.001488095238095238,0
1,0.03477052780997637,6,0.001488095238095238,0
1,0.05532024931404398,6,0.001488095238095238,0
0,0.017930994219895163,6,0.001488095238095238,0
0,0.10061117742075848,6,0.001488095238095238,0
1,0.04016672038578021,6,0.001488095238095238,0
0,0.08672197437407295,6,0.001488095238095238,0
0,0.16850509268051855,6,0.001488095238095238,0
1,0.15996497864607928,7,0.001736111111111111,0
0,0.09838615529486912,7,0.001736111111111111,0
0,0.09564576369284251,8,0.001984126984126984,0
0,0.19399372747105043,9,0.002232142857142857,0
1,0.9041512240717423,10,0.00248015873015873,1
1,0.7344387080246955,11,0.002728174603174603,1
1,0.5147963765759096,12,0.002976190476190476,1
2,0.8787746436329487,13,0.003224206349206349,1
2,0.9658647545165725,14,0.003472222222222222,1
2,0.6736696950972713,15,0.003720238095238095,1
2,0.8582405510276065,16,0.003968253968253968,1
2,0.7272853410169943,17,0.004216269841269841,1
2,0.7631935201601995,18,0.004464285714285714,1
2,0.30243558848753377,19,0.004712301587301587,1
2,0.755643719256773,20,0.00496031746031746,1
2,0.9938738604816109,21,0.005208333333333333,1
3,1.3105792333300326,6,0.001488095238095238,1
3,1.5157579104645948,6,0.001488095238095238,1
3,1.2732147879924238,6,0.001488095238095238,1
3,1.608132502887832,6,0.001488095238095238,1
3,1.435043040739148,6,0.001488095238095238,1
3,1.218227537795398,6,0.001488095238095238,1
3,1.8997654402995383,6,0.001488095238095238,1
3,1.7786796040596644,6,0.001488095238095238,1
3,1.3185279708215476,6,0.001488095238095238,1
3,1.6493364928253331,6,0.001488095238095238,1
3,1.6612236008461143,6,0.001488095238095238,1
3,1.6926903705033527,6,0.001488095238095238,1
0,0.01528720520024611,2,0.000496031746031746,0
0,0.1503303270516314,2,0.000496031746031746,0
0,0.07151505185371343,2,0.000496031746031746,0
1,0.08210860332793665,3,0.000744047619047619,0
1,0.23189408761301,3,0.000744047619047619,0
0,0.11509366903605059,4,0.000992063492063492,0
1,0.08068387622764123,4,0.000992063492063492,0
1,0.0,5,0.001240079365079365,0
0,0.1694882066973178,5,0.001240079365079365,0
0,0.03273951645956988,5,0.001240079365079365,0
0,0.04982805482502483,5,0.001240079365079365,0
0,0.08343238504560754,6,0.001488095238095238,0
1,0.17082058958501461,7,0.001736111111111111,0
0,0.13866199933328796,7,0.001736111111111111,0
0,0.09210812450798701,8,0.001984126984126984,0
0,0.11541460318194105,9,0.002232142857142857,0
0,0.6799228614257788,10,0.00248015873015873,1
0,0.8279307379130703,11,0.002728174603174603,1
0,0.8146673489556274,12,0.002976190476190476,1
1,0.9937539791362707,13,0.003224206349206349,1
2,0.99343562448779,14,0.003472222222222222,1
2,0.898795476441129,15,0.003720238095238095,1
3,0.7275304884907796,16,0.003968253968253968,1
4,0.9483644588780253,17,0.004216269841269841,1
5,0.7816063067593907,18,0.004464285714285714,1
5,0.5836171262573735,19,0.004712301587301587,1
5,0.7193424416178122,20,0.00496031746031746,1
5,0.8169053967568649,21,0.005208333333333333,1
6,1.7730647350994235,12,0.002976190476190476,1
6,1.444941548352854,12,0.002976190476190476,1
6,1.1372403866281182,12,0.002976190476190476,1
6,1.5170225049890458,12,0.002976190476190476,1
6,1.5340368120169656,12,0.002976190476190476,1
6,1.555751288670826,12,0.002976190476190476,1
6,1.7759614547863292,12,0.002976190476190476,1
6,1.8056769720269696,12,0.002976190476190476,1
6,1.3217367382855,12,0.002976190476190476,1
6,1.315156962585317,12,0.002976190476190476,1
6,1.187940386713358,12,0.002976190476190476,1
6,1.709644701084143,12,0.002976190476190476,1
0,0.17244100541688578,5,0.001240079365079365,0
1,0.08424590360455383,6,0.001488095238095238,0
0,0.08792847176375035,7,0.001736111111111111,0
0,0.17333912784494881,7,0.001736111111111111,0
0,0.1252778926607504,8,0.001984126984126984,0
0,0.12181178524005276,9,0.002232142857142857,0
0,0.04045417470131366,9,0.002232142857142857,0
0,0.13393640346397095,10,0.00248015873015873,0
0,0.05354318297451209,11,0.002728174603174603,0
0,0.0432989907032521,11,0.002728174603174603,0
1,0.08266142116166439,11,0.002728174603174603,0
0,0.0707103638275655,11,0.002728174603174603,0
0,0.08892001528074804,11,0.002728174603174603,0
0,0.027950918273754066,12,0.002976190476190476,0
0,0.14794081532338363,13,0.003224206349206349,0
0,0.15638431472582145,13,0.003224206349206349,0
0,0.4105315051718372,14,0.003472222222222222,1
1,0.9956915611333101,15,0.003720238095238095,1
1,0.6378942740356748,16,0.003968253968253968,1
2,0.9713951073965572,17,0.004216269841269841,1
2,0.7863107014667169,18,0.004464285714285714,1
3,0.8057551128161997,19,0.004712301587301587,1
3,0.7629804701157563,20,0.00496031746031746,1
3,1.0424258408466973,21,0.005208333333333333,1
4,0.5520823974949944,22,0.005456349206349206,1
4,0.9215680677470017,23,0.005704365079365079,1
4,1.02026603297791,24,0.005952380952380952,1
4,0.9432680161080822,25,0.006200396825396825,1
5,2.1974096742970253,10,0.00248015873015873,1
5,1.3413159711825904,10,0.00248015873015873,1
5,1.7871914467780594,10,0.00248015873015873,1
5,1.4681728093975739,10,0.00248015873015873,1
5,1.8700218229058008,10,0.00248015873015873,1
5,1.4976933012835891,10,0.00248015873015873,1
5,1.3836372654412592,10,0.00248015873015873,1
5,1.8918216611614886,10,0.00248015873015873,1
5,1.3525314182943209,10,0.00248015873015873,1
5,1.076182272329833,10,0.00248015873015873,1
5,1.3449459350478514,10,0.00248015873015873,1
5,1.6857098839765596,10,0.00248015873015873,1
1,0.16960193757935457,4,0.000992063492063492,0
0,0.1055564687648256,4,0.000992063492063492,0
1,0.16590985336170128,4,0.000992063492063492,0
1,0.03209125392612032,4,0.000992063492063492,0
0,0.07783682675910486,4,0.000992063492063492,0
0,0.08557124414229494,4,0.000992063492063492,0
0,0.09427202862637402,4,0.000992063492063492,0
0,0.10420471941250983,4,0.000992063492063492,0
1,0.13454554786960965,4,0.000992063492063492,0
1,0.07775965809147549,4,0.000992063492063492,0
0,0.10695143434765629,5,0.001240079365079365,0
0,0.09774385548379742,5,0.001240079365079365,0
0,0.053705504805442505,5,0.001240079365079365,0
0,0.09431666554592824,5,0.001240079365079365,0
0,0.09281702350514409,5,0.001240079365079365,0
1,0.0917459717498477,6,0.001488095238095238,0
1,0.8063518913162901,7,0.001736111111111111,1
2,0.8151347081226773,8,0.001984126984126984,1
2,0.713540964178534,9,0.002232142857142857,1
2,1.054542946794253,10,0.00248015873015873,1
2,0.5661038741593967,11,0.002728174603174603,1
2,0.6558059783060208,12,0.002976190476190476,1
2,1.3559927248447112,13,0.003224206349206349,1
2,0.592401729002154,14,0.003472222222222222,1
2,0.5292490650580484,15,0.003720238095238095,1
2,0.9468953490002436,16,0.003968253968253968,1
2,0.3845760292452252,17,0.004216269841269841,1
2,0.7529452180055123,18,0.004464285714285714,1
3,2.1437474775229464,6,0.001488095238095238,1
3,1.03651922335398,6,0.001488095238095238,1
3,0.9054106542783861,6,0.001488095238095238,1
3,1.0502456394126907,6,0.001488095238095238,1
3,1.7695078705040956,6,0.001488095238095238,1
3,1.8374330159957437,6,0.001488095238095238,1
3,1.3462233609064473,6,0.001488095238095238,1
3,1.7049637212003206,6,0.001488095238095238,1
3,1.9170765982535969,6,0.001488095238095238,1
3,2.0362039243289476,6,0.001488095238095238,1
3,1.4260994156460456,6,0.001488095238095238,1
3,0.8095584846990039,6,0.001488095238095238,1
1,0.05895605387951566,2,0.000496031746031746,0
0,0.07865979025323712,3,0.000744047619047619,0
0,0.08705306017108047,4,0.000992063492063492,0
0,0.09060702994956403,4,0.000992063492063492,0
1,0.15594472989653346,5,0.001240079365079365,0
0,0.16372142133437906,6,0.001488095238095238,0
1,0.09141631730376083,6,0.001488095238095238,0
0,0.15492424380259096,6,0.001488095238095238,0
0,0.11788306833155447,7,0.001736111111111111,0
0,0.10322529864312859,7,0.001736111111111111,0
0,0.14532720785549819,8,0.001984126984126984,0
0,0.1036126024118958,8,0.001984126984126984,0
0,0.20289055885488813,8,0.001984126984126984,0
1,0.028079441660272042,8,0.001984126984126984,0
0,0.07424145504539911,8,0.001984126984126984,0
0,0.0936740551523025,8,0.001984126984126984,0
1,0.8878905380915981,9,0.002232142857142857,1
1,1.0535920974206179,10,0.00248015873015873,1
1,0.7951202865527687,11,0.002728174603174603,1
1,0.5155540700987586,12,0.002976190476190476,1
1,0.9685027792910009,13,0.003224206349206349,1
2,0.9509917532283929,14,0.003472222222222222,1
2,0.4116282681241188,15,0.003720238095238095,1
2,0.7992391732658402,16,0.003968253968253968,1
2,0.48197163386394043,17,0.004216269841269841,1
2,0.6670697804995875,18,0.004464285714285714,1
2,0.6194382146074401,19,0.004712301587301587,1
2,0.9618529396483972,20,0.00496031746031746,1
3,1.535049052251655,6,0.001488095238095238,1
3,1.1143226997731916,6,0.001488095238095238,1
3,1.7640197888872027,6,0.001488095238095238,1
3,1.0698582528214757,6,0.001488095238095238,1
3,1.599034137141283,6,0.001488095238095238,1
3,1.2557967992125332,6,0.001488095238095238,1
3,1.390296875240844,6,0.001488095238095238,1
3,1.6512812244115151,6,0.001488095238095238,1
3,1.6564348197178587,6,0.001488095238095238,1
3,1.901090722066788,6,0.001488095238095238,1
3,1.4753238900985641,6,0.001488095238095238,1
3,1.5919352588890021,6,0.001488095238095238,1
0,0.07811313387978377,3,0.000744047619047619,0
0,0.10909949413113988,4,0.000992063492063492,0
1,0.12197430240042559,4,0.000992063492063492,0
0,0.09508450762728121,4,0.000992063492063492,0
1,0.009812475795375183,4,0.000992063492063492,0
0,0.11657354481654478,4,0.000992063492063492,0
1,0.11822807386777286,4,0.000992063492063492,0
0,0.06599132618260245,5,0.001240079365079365,0
0,0.03578064819637429,6,0.001488095238095238,0
1,0.17379395752519827,6,0.001488095238095238,0
0,0.12457227554472011,6,0.001488095238095238,0
1,0.08854594845391452,7,0.001736111111111111,0
0,0.043148355842625635,8,0.001984126984126984,0
0,0.058909258578932706,8,0.001984126984126984,0
0,0.16512951983931157,9,0.002232142857142857,0
1,0.1068830970434023,10,0.00248015873015873,0
1,0.6898825865998587,11,0.002728174603174603,1
1,0.9019378462449312,12,0.002976190476190476,1
2,0.6371203625107353,13,0.003224206349206349,1
2,1.1001686060560758,14,0.003472222222222222,1
3,1.0705601069793451,15,0.003720238095238095,1
4,0.7066851857594447,16,0.003968253968253968,1
4,0.674265950593828,17,0.004216269841269841,1
4,0.276373360261544,18,0.004464285714285714,1
4,0.5036838456897264,19,0.004712301587301587,1
4,0.5321060450084487,20,0.00496031746031746,1
4,0.8270380681974773,21,0.005208333333333333,1
4,0.7347532591117282,22,0.005456349206349206,1
5,1.0963993537754275,10,0.00248015873015873,1
5,1.4156507872606328,10,0.00248015873015873,1
5,1.6516011442942045,10,0.00248015873015873,1
5,1.6583518049746762,10,0.00248015873015873,1
5,0.9300989157423356,10,0.00248015873015873,1
5,1.4615209558548508,10,0.00248015873015873,1
5,1.084997766908517,10,0.00248015873015873,1
5,1.7705186091420821,10,0.00248015873015873,1
5,1.7352439249060496,10,0.00248015873015873,1
5,1.2305918321026625,10,0.00248015873015873,1
5,1.27018643927988,10,0.00248015873015873,1
5,1.3616198848505079,10,0.00248015873015873,1
1,0.0,2,0.000496031746031746,0
1,0.11679840867202884,2,0.000496031746031746,0
0,0.08635777268299347,3,0.000744047619047619,0
0,0.14850875412839296,4,0.000992063492063492,0
1,0.04507953910187237,5,0.001240079365079365,0
0,0.06904385258750342,5,0.001240079365079365,0
0,0.02467373709804424,5,0.001240079365079365,0
1,0.04978547182528734,6,0.001488095238095238,0
0,0.040900900196589055,6,0.001488095238095238,0
0,0.1497986839423223,7,0.001736111111111111,0
1,0.06508690756243038,8,0.001984126984126984,0
0,0.10620878423723068,8,0.001984126984126984,0
1,0.08096182980690979,9,0.002232142857142857,0
0,0.03652673669935935,9,0.002232142857142857,0
0,0.09158497884141786,9,0.002232142857142857,0
0,0.12995516659317974,9,0.002232142857142857,0
0,0.5584481214913296,10,0.00248015873015873,1
1,0.9618225581462758,11,0.002728174603174603,1
1,0.6300558157044608,12,0.002976190476190476,1
2,0.7034032147854319,13,0.003224206349206349,1
3,0.9061366246020096,14,0.003472222222222222,1
4,0.6673127685561024,15,0.003720238095238095,1
4,0.8075149718671731,16,0.003968253968253968,1
4,0.7370618342423816,17,0.004216269841269841,1
4,0.8258736013407637,18,0.004464285714285714,1
4,0.3238521788953006,19,0.004712301587301587,1
4,0.43406363695838346,20,0.00496031746031746,1
4,0.9231934012093677,21,0.005208333333333333,1
5,1.811154421694715,10,0.00248015873015873,1
5,1.2268539889405436,10,0.00248015873015873,1
5,1.4267914943486597,10,0.00248015873015873,1
5,1.5884157758706905,10,0.00248015873015873,1
5,1.7079652804976113,10,0.00248015873015873,1
5,0.8916968184987454,10,0.00248015873015873,1
5,1.234187925906487,10,0.00248015873015873,1
5,1.4002261860450376,10,0.00248015873015873,1
5,1.7109420591708147,10,0.00248015873015873,1
5,2.2495291451164485,10,0.00248015873015873,1
5,1.4315982819570847,10,0.00248015873015873,1
5,1.0779067613688034,10,0.00248015873015873,1
1,0.12011340386006492,3,0.000744047619047619,0
1,0.16604978947703553,3,0.000744047619047619,0
1,0.10540070604897506,4,0.000992063492063492,0
1,0.05466757274228536,5,0.001240079365079365,0
0,0.14789969707400097,5,0.001240079365079365,0
0,0.13317728092492176,6,0.001488095238095238,0
0,0.048695957790218784,7,0.001736111111111111,0
1,0.1190712808767171,8,0.001984126984126984,0
0,0.14986327838294364,8,0.001984126984126984,0
0,0.15909450212794468,8,0.001984126984126984,0
0,0.0966775512345272,9,0.002232142857142857,0
0,0.08209602769103407,10,0.00248015873015873,0
0,0.16136369110406315,11,0.002728174603174603,0
0,0.03949197485095575,11,0.002728174603174603,0
0,0.12192896454605028,11,0.002728174603174603,0
0,0.03149866863177854,12,0.002976190476190476,0
0,1.0130752544519206,13,0.003224206349206349,1
1,0.7483908968777677,14,0.003472222222222222,1
1,1.0537166471294939,15,0.003720238095238095,1
1,0.8982825512711055,16,0.003968253968253968,1
2,0.5553559539876141,17,0.004216269841269841,1
3,1.0849255464154488,18,0.004464285714285714,1
4,1.110249053285546,19,0.004712301587301587,1
4,0.9764572985198432,20,0.00496031746031746,1
5,0.647682426992756,21,0.005208333333333333,1
5,0.7387972091285183,22,0.005456349206349206,1
5,0.8290854434811519,23,0.005704365079365079,1
5,0.6592579201337134,24,0.005952380952380952,1
6,2.0077039717389615,12,0.002976190476190476,1
6,1.543297941517811,12,0.002976190476190476,1
6,0.6889955858677929,12,0.002976190476190476,1
6,1.6018067438268662,12,0.002976190476190476,1
6,1.395552780954806,12,0.002976190476190476,1
6,1.4775220331644656,12,0.002976190476190476,1
6,1.38941419026429,12,0.002976190476190476,1
6,1.7421139249820061,12,0.002976190476190476,1
6,1.8359063335660144,12,0.002976190476190476,1
6,1.584915948677596,12,0.002976190476190476,1
6,1.3982066438585523,12,0.002976190476190476,1
6,1.487598838557249,12,0.002976190476190476,1
0,0.10097998082888142,2,0.000496031746031746,0
0,0.05987849800675816,3,0.000744047619047619,0
0,0.12894643242856174,3,0.000744047619047619,0
0,0.12300211619302331,3,0.000744047619047619,0
0,0.1770220619888337,4,0.000992063492063492,0
0,0.16276748901442376,5,0.001240079365079365,0
1,0.06571625412049349,5,0.001240079365079365,0
0,0.14101491872544825,6,0.001488095238095238,0
0,0.052452330845276424,6,0.001488095238095238,0
0,0.1347966050470425,7,0.001736111111111111,0
0,0.07416929006199462,8,0.001984126984126984,0
0,0.04883733883122078,8,0.001984126984126984,0
1,0.11400226713487023,9,0.002232142857142857,0
1,0.0,10,0.00248015873015873,0
0,0.012451221279738606,11,0.002728174603174603,0
0,0.09112540581128585,11,0.002728174603174603,0
0,0.8164883533269686,12,0.002976190476190476,1
0,0.7261362459683622,13,0.003224206349206349,1
1,0.48411274025648027,14,0.003472222222222222,1
1,0.6364216315722989,15,0.003720238095238095,1
1,0.8782418654474788,16,0.003968253968253968,1
2,0.9163563541256725,17,0.004216269841269841,1
2,0.7967553764808118,18,0.004464285714285714,1
2,1.0313667562073978,19,0.004712301587301587,1
2,0.8794794046918469,20,0.00496031746031746,1
3,0.6505088692083576,21,0.005208333333333333,1
3,0.7438995893176765,22,0.005456349206349206,1
3,0.5194267685584291,23,0.005704365079365079,1
4,1.467558302882575,8,0.001984126984126984,1
4,1.8336301857664015,8,0.001984126984126984,1
4,1.7055870254132903,8,0.001984126984126984,1
4,1.9206027977757365,8,0.001984126984126984,1
4,1.409134426860302,8,0.001984126984126984,1
4,1.9038299383542774,8,0.001984126984126984,1
4,1.442008732065609,8,0.001984126984126984,1
4,1.941475524770968,8,0.001984126984126984,1
4,1.4934429757673628,8,0.001984126984126984,1
4,1.712169412141283,8,0.001984126984126984,1
4,1.9425337092929567,8,0.001984126984126984,1
4,1.4419717114256383,8,0.001984126984126984,1
0,0.11091944937720871,3,0.000744047619047619,0
1,0.1644431712603151,3,0.000744047619047619,0
1,0.09334984180349683,3,0.000744047619047619,0
0,0.03395538587469195,4,0.000992063492063492,0
0,0.2071503527292455,5,0.001240079365079365,0
0,0.07651177678314316,6,0.001488095238095238,0
0,0.10793780254687715,7,0.001736111111111111,0
0,0.15780033347255637,7,0.001736111111111111,0
0,0.06957530481343992,8,0.001984126984126984,0
1,0.049606604338893495,9,0.002232142857142857,0
1,0.11268686483874166,10,0.00248015873015873,0
0,0.010346180104380515,10,0.00248015873015873,0
1,0.08560469615660399,11,0.002728174603174603,0
0,0.1122519332157703,11,0.002728174603174603,0
0,0.0865024051587418,11,0.002728174603174603,0
0,0.02282745284071265,12,0.002976190476190476,0
0,1.1188355912408026,13,0.003224206349206349,1
0,0.8207076307898351,14,0.003472222222222222,1
0,1.0862304235523483,15,0.003720238095238095,1
0,0.7479927499639111,16,0.003968253968253968,1
0,0.6239976036618473,17,0.004216269841269841,1
0,0.853836184051032,18,0.004464285714285714,1
0,0.7568425747343561,19,0.004712301587301587,1
1,0.5644477084017284,20,0.00496031746031746,1
1,1.0939568517574991,21,0.005208333333333333,1
2,0.6755459554212009,22,0.005456349206349206,1
3,0.4319467230408863,23,0.005704365079365079,1
4,1.0656332107914666,24,0.005952380952380952,1
6,1.348710595256213,12,0.002976190476190476,1
6,1.3176528322153127,12,0.002976190476190476,1
6,0.9703837238910078,12,0.002976190476190476,1
6,2.0222824459790973,12,0.002976190476190476,1
6,1.1131558238370938,12,0.002976190476190476,1
6,1.517534844211695,12,0.002976190476190476,1
6,1.7737860967621322,12,0.002976190476190476,1
6,1.6265150799009291,12,0.002976190476190476,1
6,1.4821037064023426,12,0.002976190476190476,1
6,0.9895002425137751,12,0.002976190476190476,1
6,1.2570825492698148,12,0.002976190476190476,1
6,1.5563401014127567,12,0.002976190476190476,1
0,0.060641296500650185,2,0.000496031746031746,0
0,0.11016797299993838,3,0.000744047619047619,0
1,0.1340871704407571,4,0.000992063492063492,0
0,0.1481251442900051,4,0.000992063492063492,0
0,0.038691032109365836,4,0.000992063492063492,0
0,0.2098323027489477,5,0.001240079365079365,0
0,0.13837396722770653,5,0.001240079365079365,0
0,0.0999142923165468,6,0.001488095238095238,0
1,0.15447682915383204,7,0.001736111111111111,0
0,0.2182703885999987,8,0.001984126984126984,0
0,0.02806399494715653,9,0.002232142857142857,0
0,0.08873686787543232,9,0.002232142857142857,0
0,0.0,10,0.00248015873015873,0
0,0.10963257663240124,10,0.00248015873015873,0
0,0.11826971209625704,10,0.00248015873015873,0
1,0.09804189422786204,10,0.00248015873015873,0
2,0.669093285800338,11,0.002728174603174603,1
2,0.39009709676233495,12,0.002976190476190476,1
3,0.8747067366823538,13,0.003224206349206349,1
3,1.0910868967830651,14,0.003472222222222222,1
3,0.6817963088533137,15,0.003720238095238095,1
3,0.888011985804629,16,0.003968253968253968,1
3,0.4863711373159899,17,0.004216269841269841,1
3,0.8914426127385028,18,0.004464285714285714,1
3,0.7213235404510686,19,0.004712301587301587,1
3,0.6475164098794172,20,0.00496031746031746,1
3,0.6479272717567739,21,0.005208333333333333,1
3,0.7212776835933981,22,0.005456349206349206,1
4,1.6147299947077607,8,0.001984126984126984,1
4,1.1063510396413447,8,0.001984126984126984,1
4,1.3808654005296441,8,0.001984126984126984,1
4,1.4875584666002557,8,0.001984126984126984,1
4,1.1702882326404422,8,0.001984126984126984,1
4,2.0389995605025053,8,0.001984126984126984,1
4,1.2439513559815976,8,0.001984126984126984,1
4,1.2991689259099528,8,0.001984126984126984,1
4,1.2065076150532508,8,0.001984126984126984,1
4,2.039544026141435,8,0.001984126984126984,1
4,1.6658715685798444,8,0.001984126984126984,1
4,1.2190223981269073,8,0.001984126984126984,1
1,0.15531157794299844,3,0.000744047619047619,0
0,0.11003493471444392,3,0.000744047619047619,0
0,0.1128626710555751,4,0.000992063492063492,0
1,0.08277613956237737,5,0.001240079365079365,0
0,0.06252920065215134,5,0.001240079365079365,0
0,0.11688830495273007,6,0.001488095238095238,0
0,0.07274563850022049,7,0.001736111111111111,0
0,0.19083778147875524,8,0.001984126984126984,0
1,0.0365354447378448,9,0.002232142857142857,0
0,0.17680783864274727,10,0.00248015873015873,0
0,0.09443405756010997,10,0.00248015873015873,0
1,0.1149542867010553,11,0.002728174603174603,0
0,0.14165788833147175,12,0.002976190476190476,0
0,0.06848753524977819,13,0.003224206349206349,0
1,0.14321241923493183,14,0.003472222222222222,0
0,0.0,15,0.003720238095238095,0
0,0.6560020933556122,16,0.003968253968253968,1
0,0.6151874385317869,17,0.004216269841269841,1
0,0.5492987975256477,18,0.004464285714285714,1
0,0.7570090323842098,19,0.004712301587301587,1
1,0.877149993636339,20,0.00496031746031746,1
2,0.9405319996998612,21,0.005208333333333333,1
3,0.8481753514400816,22,0.005456349206349206,1
3,0.6668613070212907,23,0.005704365079365079,1
3,0.8738032875650334,24,0.005952380952380952,1
3,0.8248571389701702,25,0.006200396825396825,1
3,0.9872112335872033,26,0.006448412698412698,1
3,0.9553873405863034,27,0.006696428571428571,1
4,1.5091429241761887,8,0.001984126984126984,1
4,1.230824098151623,8,0.001984126984126984,1
4,1.3041149532503757,8,0.001984126984126984,1
4,1.33506319210859,8,0.001984126984126984,1
4,1.4054200998251232,8,0.001984126984126984,1
4,1.5804151282769259,8,0.001984126984126984,1
4,1.7145523170384176,8,0.001984126984126984,1
4,1.4846643920953868,8,0.001984126984126984,1
4,1.5048374363701418,8,0.001984126984126984,1
4,1.5429918915000012,8,0.001984126984126984,1
4,1.345228406060298,8,0.001984126984126984,1
4,1.2223823227071131,8,0.001984126984126984,1
1,0.012228105134464512,4,0.000992063492063492,0
0,0.06524253209615638,4,0.000992063492063492,0
1,0.12365727266338936,5,0.001240079365079365,0
1,0.06485442809802164,6,0.001488095238095238,0
1,0.08810964812870302,7,0.001736111111111111,0
0,0.12332156437061585,8,0.001984126984126984,0
0,0.12603447482113345,9,0.002232142857142857,0
1,0.04602335739169805,9,0.002232142857142857,0
1,0.1498529678226821,10,0.00248015873015873,0
0,0.15636750446777428,11,0.002728174603174603,0
1,0.04350750713907201,12,0.002976190476190476,0
0,0.0588081565179423,13,0.003224206349206349,0
0,0.15955453415730958,13,0.003224206349206349,0
1,0.09265732393723496,14,0.003472222222222222,0
0,0.0,14,0.003472222222222222,0
0,0.03001592476336569,15,0.003720238095238095,0
1,0.7501260749655038,16,0.003968253968253968,1
2,0.5673914699430797,17,0.004216269841269841,1
3,0.7173152458727118,18,0.004464285714285714,1
4,0.8064792427367158,19,0.004712301587301587,1
4,1.0924509208069457,20,0.00496031746031746,1
4,0.7419092167544422,21,0.005208333333333333,1
4,1.014508359914552,22,0.005456349206349206,1
4,1.0857520324073542,23,0.005704365079365079,1
4,1.0868619338704153,24,0.005952380952380952,1
4,0.8569509186771137,25,0.006200396825396825,1
4,0.40734217043220516,26,0.006448412698412698,1
4,0.8921649730807731,27,0.006696428571428571,1
5,1.8145199663440623,10,0.00248015873015873,1
5,1.4756798683693748,10,0.00248015873015873,1
5,2.0233751610225745,10,0.00248015873015873,1
5,1.7579500684402374,10,0.00248015873015873,1
5,1.6704820131458353,10,0.00248015873015873,1
5,1.8259142133617514,10,0.00248015873015873,1
5,1.6000109553782633,10,0.00248015873015873,1
5,0.752156850181394,10,0.00248015873015873,1
5,1.3502583145588902,10,0.00248015873015873,1
5,1.8591504081743562,10,0.00248015873015873,1
5,1.2577225979705111,10,0.00248015873015873,1
5,1.4329582484289183,10,0.00248015873015873,1
1,0.04775818430484644,4,0.000992063492063492,0
1,0.18919612976008846,5,0.001240079365079365,0
0,0.1840746228709008,6,0.001488095238095238,0
1,0.05580655524296354,7,0.001736111111111111,0
0,0.1073649000194542,7,0.001736111111111111,0
0,0.06597529761179763,7,0.001736111111111111,0
0,0.1307472319515689,7,0.001736111111111111,0
0,0.12548415386211645,8,0.001984126984126984,0
0,0.14058527858066328,9,0.002232142857142857,0
1,0.11659592238539437,10,0.00248015873015873,0
1,0.24677031031942342,11,0.002728174603174603,0
0,0.04860381174946306,11,0.002728174603174603,0
1,0.014469832278174291,12,0.002976190476190476,0
0,0.08034548996492694,13,0.003224206349206349,0
0,0.021600586721986628,13,0.003224206349206349,0
1,0.025376886499700366,13,0.003224206349206349,0
1,0.5997370691604067,14,0.003472222222222222,1
1,0.6155622189136746,15,0.003720238095238095,1
1,0.6090763796099881,16,0.003968253968253968,1
2,0.9036437900890824,17,0.004216269841269841,1
3,0.6987621877829329,18,0.004464285714285714,1
3,0.764097085025504,19,0.004712301587301587,1
3,0.978846554900187,20,0.00496031746031746,1
3,0.6467354950437147,21,0.005208333333333333,1
3,0.7470908202590556,22,0.005456349206349206,1
4,0.8731519972185832,23,0.005704365079365079,1
5,0.41168643987595577,24,0.005952380952380952,1
5,0.32301889820988355,25,0.006200396825396825,1
6,1.603835198639317,12,0.002976190476190476,1
6,1.6476042841700695,12,0.002976190476190476,1
6,2.1192660404557233,12,0.002976190476190476,1
6,1.547428462760043,12,0.002976190476190476,1
6,1.7459219151774283,12,0.002976190476190476,1
6,1.441358206924208,12,0.002976190476190476,1
6,1.589168166475526,12,0.002976190476190476,1
6,2.00017705252486,12,0.002976190476190476,1
6,0.8628021545623094,12,0.002976190476190476,1
6,1.6240848772715042,12,0.002976190476190476,1
6,2.1406760190232097,12,0.002976190476190476,1
6,1.5846102657628027,12,0.002976190476190476,1
0,0.1825286481616424,3,0.000744047619047619,0
1,0.06853939252352789,4,0.000992063492063492,0
1,0.09839762529181433,4,0.000992063492063492,0
1,0.10167623511942939,4,0.000992063492063492,0
0,0.0,5,0.001240079365079365,0
1,0.04159110860748999,5,0.001240079365079365,0
0,0.0451562460308007,6,0.001488095238095238,0
0,0.14110330390162637,6,0.001488095238095238,0
1,0.14360765528420277,7,0.001736111111111111,0
0,0.11620182213532668,7,0.001736111111111111,0
1,0.1412051448427853,7,0.001736111111111111,0
0,0.0917925293639113,7,0.001736111111111111,0
0,0.16009658347697717,8,0.001984126984126984,0
1,0.1004394221316036,9,0.002232142857142857,0
0,0.10289320237133782,9,0.002232142857142857,0
0,0.08672036833687943,9,0.002232142857142857,0
0,0.9368900955272856,10,0.00248015873015873,1
0,0.7157602366774174,11,0.002728174603174603,1
1,0.9952862754396137,12,0.002976190476190476,1
1,0.5735701718567987,13,0.003224206349206349,1
1,0.5802167490543613,14,0.003472222222222222,1
1,0.937485351025301,15,0.003720238095238095,1
2,0.7822911570833975,16,0.003968253968253968,1
3,0.7092217167693744,17,0.004216269841269841,1
4,0.978011546495092,18,0.004464285714285714,1
4,0.6785477171827832,19,0.004712301587301587,1
4,0.759959749139926,20,0.00496031746031746,1
4,1.0798455900142319,21,0.005208333333333333,1
5,1.9617427037431951,10,0.00248015873015873,1
5,1.9717194630810981,10,0.00248015873015873,1
5,1.4153622669198267,10,0.00248015873015873,1
5,1.869210871495341,10,0.00248015873015873,1
5,1.2153141516693966,10,0.00248015873015873,1
5,1.2279291375833816,10,0.00248015873015873,1
5,0.7948632442126917,10,0.00248015873015873,1
5,2.001860460569559,10,0.00248015873015873,1
5,1.2408060452771765,10,0.00248015873015873,1
5,1.462040226075882,10,0.00248015873015873,1
5,1.2269026974215147,10,0.00248015873015873,1
5,1.7085495744990422,10,0.00248015873015873,1
0,0.081218316964133,4,0.000992063492063492,0
0,0.03475915547835254,5,0.001240079365079365,0
1,0.12208312820930303,5,0.001240079365079365,0
0,0.028313498759488576,5,0.001240079365079365,0
0,0.05812971373422544,6,0.001488095238095238,0
0,0.0,6,0.001488095238095238,0
0,0.02880209439011966,6,0.001488095238095238,0
1,0.10892645848602389,7,0.001736111111111111,0
0,0.0017731980948537673,8,0.001984126984126984,0
1,0.025942713768914216,8,0.001984126984126984,0
0,0.0998815541933596,9,0.002232142857142857,0
1,0.07281965519534737,9,0.002232142857142857,0
0,0.19960183179796545,10,0.00248015873015873,0
0,0.19169482730121878,11,0.002728174603174603,0
0,0.05660387686244232,11,0.002728174603174603,0
1,0.1278568809201741,12,0.002976190476190476,0
1,0.9498565113758903,13,0.003224206349206349,1
2,0.6805042283951194,14,0.003472222222222222,1
2,0.5008916927003593,15,0.003720238095238095,1
2,0.7975403101383886,16,0.003968253968253968,1
2,0.7654308650371778,17,0.004216269841269841,1
2,0.7128471006058762,18,0.004464285714285714,1
2,0.8884633736328971,19,0.004712301587301587,1
2,0.6498540785988802,20,0.00496031746031746,1
2,0.5696004904841714,21,0.005208333333333333,1
2,0.8218165940699664,22,0.005456349206349206,1
2,0.8771940185137752,23,0.005704365079365079,1
2,0.5646710112199894,24,0.005952380952380952,1
3,1.7784271832973244,6,0.001488095238095238,1
3,0.9688556586671766,6,0.001488095238095238,1
3,1.326565962385307,6,0.001488095238095238,1
3,1.4225974391407172,6,0.001488095238095238,1
3,1.3091328862044211,6,0.001488095238095238,1
3,1.3304818579346422,6,0.001488095238095238,1
3,2.0613223446924342,6,0.001488095238095238,1
3,1.2447347732883305,6,0.001488095238095238,1
3,2.2323665167415743,6,0.001488095238095238,1
3,1.6311380339193156,6,0.001488095238095238,1
3,1.5276165411935976,6,0.001488095238095238,1
3,1.6428721060162998,6,0.001488095238095238,1
0,0.22649638746259762,4,0.000992063492063492,0
0,0.0503203498034276,5,0.001240079365079365,0
0,0.04397910405318054,6,0.001488095238095238,0
0,0.06225669017140395,6,0.001488095238095238,0
1,0.10160715734822805,7,0.001736111111111111,0
0,0.013711443759371333,7,0.001736111111111111,0
0,0.10111696196593041,7,0.001736111111111111,0
1,0.1846773566706836,7,0.001736111111111111,0
0,0.10757036953123889,8,0.001984126984126984,0
1,0.08536572705123616,9,0.002232142857142857,0
0,0.06909197756581864,10,0.00248015873015873,0
0,0.14492558522757823,11,0.002728174603174603,0
0,0.05870836133809762,12,0.002976190476190476,0
0,0.1923197960299624,13,0.003224206349206349,0
0,0.19666798738571786,14,0.003472222222222222,0
1,0.11283753993308938,15,0.003720238095238095,0
1,0.797696982384671,16,0.003968253968253968,1
1,1.006131961648312,17,0.004216269841269841,1
2,1.0189597004454651,18,0.004464285714285714,1
3,0.6388016537881169,19,0.004712301587301587,1
4,0.6946889733726597,20,0.00496031746031746,1
4,0.535530513063341,21,0.005208333333333333,1
4,0.8818129876668115,22,0.005456349206349206,1
4,0.9333255766913782,23,0.005704365079365079,1
4,0.5300148724277454,24,0.005952380952380952,1
4,0.7089602190367682,25,0.006200396825396825,1
4,0.5305492164837302,26,0.006448412698412698,1
5,0.6202400379512325,27,0.006696428571428571,1
6,1.6653051180678897,12,0.002976190476190476,1
6,1.2799553799965162,12,0.002976190476190476,1
6,1.4097522131903104,12,0.002976190476190476,1
6,1.0118064816158054,12,0.002976190476190476,1
6,1.5560970629173994,12,0.002976190476190476,1
6,1.4867180040466053,12,0.002976190476190476,1
6,1.2813122249900513,12,0.002976190476190476,1
6,1.4432957106952577,12,0.002976190476190476,1
6,1.5540884641510333,12,0.002976190476190476,1
6,1.2555395553271969,12,0.002976190476190476,1
6,1.0571212367994662,12,0.002976190476190476,1
6,2.0416723298060444,12,0.002976190476190476,1
0,0.06833636476448637,3,0.000744047619047619,0
1,0.09516199484065554,3,0.000744047619047619,0
0,0.15054198675101568,4,0.000992063492063492,0
0,0.2764527593785242,4,0.000992063492063492,0
1,0.037775677505556715,5,0.001240079365079365,0
0,0.1224913606863255,6,0.001488095238095238,0
0,0.06462238573529469,6,0.001488095238095238,0
0,0.07306048477116446,6,0.001488095238095238,0
0,0.0639893989496605,6,0.001488095238095238,0
0,0.04371725160997075,7,0.001736111111111111,0
0,0.09793543191076694,8,0.001984126984126984,0
0,0.026274865647588228,8,0.001984126984126984,0
1,0.14734037832559355,9,0.002232142857142857,0
0,0.10275014680166873,9,0.002232142857142857,0
0,0.121121748645072,9,0.002232142857142857,0
0,0.07669056940268885,10,0.00248015873015873,0
1,0.7265592131576504,11,0.002728174603174603,1
1,0.8575127810334656,12,0.002976190476190476,1
2,0.567189873518835,13,0.003224206349206349,1
2,0.7284019131173329,14,0.003472222222222222,1
2,0.6280772972243092,15,0.003720238095238095,1
2,0.6218862378817972,16,0.003968253968253968,1
2,0.3780323518748717,17,0.004216269841269841,1
2,1.067865317896,18,0.004464285714285714,1
2,0.6626922493692462,19,0.004712301587301587,1
2,1.0326752110327102,20,0.00496031746031746,1
2,1.0137584642788586,21,0.005208333333333333,1
2,0.5428000586967012,22,0.005456349206349206,1
3,1.1734766292981462,6,0.001488095238095238,1
3,2.268150887806705,6,0.001488095238095238,1
3,2.025277782578143,6,0.001488095238095238,1
3,1.4905444460015687,6,0.001488095238095238,1
3,1.5772119319252047,6,0.001488095238095238,1
3,1.3107460791158434,6,0.001488095238095238,1
3,1.629705814260102,6,0.001488095238095238,1
3,1.2848454297832586,6,0.001488095238095238,1
3,0.8902938707104846,6,0.001488095238095238,1
3,1.1035332640466846,6,0.001488095238095238,1
3,1.506327824355176,6,0.001488095238095238,1
3,1.1606798293492238,6,0.001488095238095238,1
1,0.09663612675432327,3,0.000744047619047619,0
1,0.04626694802835685,4,0.000992063492063492,0
0,0.060882303874900325,4,0.000992063492063492,0
0,0.1426582653206596,5,0.001240079365079365,0
0,0.11237402738200523,6,0.001488095238095238,0
0,0.09951677893433264,7,0.001736111111111111,0
0,0.14394819865353256,7,0.001736111111111111,0
0,0.12403042966736738,7,0.001736111111111111,0
1,0.1723281645625684,8,0.001984126984126984,0
0,0.077007036884243,8,0.001984126984126984,0
0,0.07851825107362456,8,0.001984126984126984,0
0,0.034944536680432736,8,0.001984126984126984,0
0,0.07855096413137902,8,0.001984126984126984,0
0,0.1482384947151223,9,0.002232142857142857,0
0,0.1649993686131067,10,0.00248015873015873,0
1,0.1480152584043334,11,0.002728174603174603,0
1,0.4411616266901128,12,0.002976190476190476,1
2,1.016629042532147,13,0.003224206349206349,1
3,0.4322962753455859,14,0.003472222222222222,1
4,0.9796234648244695,15,0.003720238095238095,1
4,0.726443094685789,16,0.003968253968253968,1
4,0.9405066627867712,17,0.004216269841269841,1
4,0.5335103304210869,18,0.004464285714285714,1
4,1.0342335265412295,19,0.004712301587301587,1
4,0.5070050507790222,20,0.00496031746031746,1
4,0.6663090178293645,21,0.005208333333333333,1
4,0.600381074446193,22,0.005456349206349206,1
4,0.4491430294355002,23,0.005704365079365079,1
5,1.5283582702765406,10,0.00248015873015873,1
5,2.0418267353510884,10,0.00248015873015873,1
5,2.3000715666960025,10,0.00248015873015873,1
5,1.5291467361258744,10,0.00248015873015873,1
5,1.8350043825202567,10,0.00248015873015873,1
5,1.5696283913785611,10,0.00248015873015873,1
5,1.649664958430464,10,0.00248015873015873,1
5,1.3973554046618284,10,0.00248015873015873,1
5,1.5585230776267807,10,0.00248015873015873,1
5,1.6612436113819284,10,0.00248015873015873,1
5,1.3264620813371006,10,0.00248015873015873,1
5,1.4767517100321037,10,0.00248015873015873,1
1,0.0970784940501256,5,0.001240079365079365,0
1,0.14132016586652624,5,0.001240079365079365,0
0,0.046698391418615974,5,0.001240079365079365,0
1,0.09742288956961742,5,0.001240079365079365,0
1,0.1956002734526349,6,0.001488095238095238,0
0,0.1582030076292969,6,0.001488095238095238,0
0,0.16745895244443526,6,0.001488095238095238,0
0,0.10122159200890171,7,0.001736111111111111,0
1,0.11604987818430117,8,0.001984126984126984,0
0,0.15011180833514629,9,0.002232142857142857,0
0,0.17801277647654656,10,0.00248015873015873,0
0,0.0024198543558556634,11,0.002728174603174603,0
0,0.034227934647507716,12,0.002976190476190476,0
1,0.16547220507013238,13,0.003224206349206349,0
1,0.08615553221155983,14,0.003472222222222222,0
0,0.06641396053709614,14,0.003472222222222222,0
0,0.5491678026008793,15,0.003720238095238095,1
0,0.6889966596911782,16,0.003968253968253968,1
1,0.5195261433152351,17,0.004216269841269841,1
1,1.2182188545464956,18,0.004464285714285714,1
2,0.7955127896038854,19,0.004712301587301587,1
3,0.7884098916474566,20,0.00496031746031746,1
3,0.9176153350335664,21,0.005208333333333333,1
3,0.992469033853314,22,0.005456349206349206,1
3,0.989177631310928,23,0.005704365079365079,1
3,1.0147243887815143,24,0.005952380952380952,1
3,0.6738308898418288,25,0.006200396825396825,1
3,0.7404266390086278,26,0.006448412698412698,1
4,1.7307094966326826,8,0.001984126984126984,1
4,1.341783281508114,8,0.001984126984126984,1
4,1.4984680103918324,8,0.001984126984126984,1
4,1.6196291293274443,8,0.001984126984126984,1
4,1.735555524693113,8,0.001984126984126984,1
4,0.9666957112889396,8,0.001984126984126984,1
4,1.7144236949666836,8,0.001984126984126984,1
4,1.4298827826444824,8,0.001984126984126984,1
4,1.7122373132593143,8,0.001984126984126984,1
4,1.7330795077064487,8,0.001984126984126984,1
4,1.9823745183357473,8,0.001984126984126984,1
4,1.906036094286361,8,0.001984126984126984,1
0,0.1673285831305148,3,0.000744047619047619,0
0,0.17218351595831194,4,0.000992063492063492,0
0,0.1145689492407973,4,0.000992063492063492,0
0,0.101609254351842,5,0.001240079365079365,0
1,0.14364085415891673,6,0.001488095238095238,0
0,0.13660404757165112,7,0.001736111111111111,0
0,0.084546688163087,7,0.001736111111111111,0
0,0.12024117044041341,7,0.001736111111111111,0
1,0.09824517666077029,7,0.001736111111111111,0
1,0.0573033545769972,8,0.001984126984126984,0
0,0.1645230370688175,9,0.002232142857142857,0
0,0.10275996212650447,9,0.002232142857142857,0
1,0.20243541288494254,10,0.00248015873015873,0
1,0.018725386490008364,11,0.002728174603174603,0
0,0.0721610613578317,12,0.002976190476190476,0
0,0.10163194183454358,12,0.002976190476190476,0
0,1.027476219525783,13,0.003224206349206349,1
1,0.8798938745204371,14,0.003472222222222222,1
1,0.8620945508361504,15,0.003720238095238095,1
1,0.5745472414891706,16,0.003968253968253968,1
1,0.5686117205541058,17,0.004216269841269841,1
2,0.864500932057981,18,0.004464285714285714,1
3,0.5271788012363283,19,0.004712301587301587,1
3,0.6936244499421343,20,0.00496031746031746,1
3,0.9001834658171716,21,0.005208333333333333,1
3,0.6035351455446448,22,0.005456349206349206,1
3,1.1210711924723613,23,0.005704365079365079,1
3,1.044787268847578,24,0.005952380952380952,1
4,1.02857400049851,8,0.001984126984126984,1
4,1.2202886270454039,8,0.001984126984126984,1
4,0.8142668266515151,8,0.001984126984126984,1
4,1.2652225912355601,8,0.001984126984126984,1
4,1.7299165429717198,8,0.001984126984126984,1
4,1.3758315173175428,8,0.001984126984126984,1
4,1.6382391730847903,8,0.001984126984126984,1
4,1.0432997045154768,8,0.001984126984126984,1
4,1.7393925763745717,8,0.001984126984126984,1
4,1.333467231621495,8,0.001984126984126984,1
4,1.5036509046848716,8,0.001984126984126984,1
4,1.4721376495820842,8,0.001984126984126984,1
1,0.03642257395538581,2,0.000496031746031746,0
0,0.04234578341301089,3,0.000744047619047619,0
0,0.14838972345017132,3,0.000744047619047619,0
1,0.11994960787508478,3,0.000744047619047619,0
0,0.15250245207767135,4,0.000992063492063492,0
0,0.11623291177512593,5,0.001240079365079365,0
0,0.10714953174046082,5,0.001240079365079365,0
0,0.013699469066661668,5,0.001240079365079365,0
1,0.08648166516194151,5,0.001240079365079365,0
1,0.0986307839798128,6,0.001488095238095238,0
0,0.1976553599136287,7,0.001736111111111111,0
0,0.13434783160493388,7,0.001736111111111111,0
0,0.17680305908547644,8,0.001984126984126984,0
0,0.12987688529473643,8,0.001984126984126984,0
0,0.06443483865252603,9,0.002232142857142857,0
0,0.10585621080749258,9,0.002232142857142857,0
1,0.8472447292528467,10,0.00248015873015873,1
1,0.6121688860458637,11,0.002728174603174603,1
2,0.7231225246814158,12,0.002976190476190476,1
3,0.7588466012645656,13,0.003224206349206349,1
3,1.1211239665130237,14,0.003472222222222222,1
3,0.3838518949218044,15,0.003720238095238095,1
3,1.0411636841432088,16,0.003968253968253968,1
3,0.6126409530081235,17,0.004216269841269841,1
3,0.5255841625460772,18,0.004464285714285714,1
3,1.0359884260076928,19,0.004712301587301587,1
3,0.9463796138468763,20,0.00496031746031746,1
3,1.050903740476238,21,0.005208333333333333,1
4,1.740210584263673,8,0.001984126984126984,1
4,2.1179535005212204,8,0.001984126984126984,1
4,1.6676171510833455,8,0.001984126984126984,1
4,1.4530567871630524,8,0.001984126984126984,1
4,1.6028779131964028,8,0.001984126984126984,1
4,1.873040738503789,8,0.001984126984126984,1
4,1.266187402421965,8,0.001984126984126984,1
4,1.3044334252405858,8,0.001984126984126984,1
4,1.4073119956206277,8,0.001984126984126984,1
4,0.8686251603704004,8,0.001984126984126984,1
4,1.5414235225252642,8,0.001984126984126984,1
4,0.9341613888146921,8,0.001984126984126984,1
0,0.10265296564663096,5,0.001240079365079365,0
0,0.14326448780676249,5,0.001240079365079365,0
0,0.07615617696780821,5,0.001240079365079365,0
0,0.18385579350934356,6,0.001488095238095238,0
1,0.026974955029075612,7,0.001736111111111111,0
0,0.15956303408159164,8,0.001984126984126984,0
0,0.13375685282034605,8,0.001984126984126984,0
1,0.01419833758446555,8,0.001984126984126984,0
0,0.23553971495202664,9,0.002232142857142857,0
0,0.0968127357248017,10,0.00248015873015873,0
0,0.056125798892218415,11,0.002728174603174603,0
0,0.02964564026079916,12,0.002976190476190476,0
0,0.0889990986170163,13,0.003224206349206349,0
0,0.09362965638050202,14,0.003472222222222222,0
0,0.10513227642698322,14,0.003472222222222222,0
0,0.085110192188802,15,0.003720238095238095,0
0,0.9266450620230188,16,0.003968253968253968,1
1,0.7224740334673507,17,0.004216269841269841,1
2,0.41300717655190583,18,0.004464285714285714,1
3,0.7701277008700718,19,0.004712301587301587,1
4,0.3265044693253444,20,0.00496031746031746,1
4,0.870754126178278,21,0.005208333333333333,1
4,0.604139953943473,22,0.005456349206349206,1
4,0.8326720709831601,23,0.005704365079365079,1
4,1.062814996304921,24,0.005952380952380952,1
4,0.6102502609464,25,0.006200396825396825,1
4,1.0122512517024236,26,0.006448412698412698,1
4,0.7133220866627694,27,0.006696428571428571,1
5,2.0259584406196756,10,0.00248015873015873,1
5,1.390454216040536,10,0.00248015873015873,1
5,1.2478521043479927,10,0.00248015873015873,1
5,1.7061715351185864,10,0.00248015873015873,1
5,1.3692630811129092,10,0.00248015873015873,1
5,1.2475651457612975,10,0.00248015873015873,1
5,1.3566480447888627,10,0.00248015873015873,1
5,1.4866180403450995,10,0.00248015873015873,1
5,1.9026540393734561,10,0.00248015873015873,1
5,0.9197736763621269,10,0.00248015873015873,1
5,1.5069241976851262,10,0.00248015873015873,1
5,1.6874710783962128,10,0.00248015873015873,1
0,0.10967242874958981,4,0.000992063492063492,0
1,0.16549325847167673,4,0.000992063492063492,0
0,0.0962827335120738,4,0.000992063492063492,0
0,0.09077242789070275,5,0.001240079365079365,0
0,0.12961647735066717,6,0.001488095238095238,0
0,0.10496569074756748,6,0.001488095238095238,0
1,0.08047956308597645,7,0.001736111111111111,0
0,0.125807201979319,7,0.001736111111111111,0
1,0.06737358533916774,8,0.001984126984126984,0
1,0.06944114239903365,9,0.002232142857142857,0
0,0.07360029891171932,9,0.002232142857142857,0
1,0.16765345800832038,9,0.002232142857142857,0
0,0.0,9,0.002232142857142857,0
0,0.11977994173814713,10,0.00248015873015873,0
1,0.10171359071001111,10,0.00248015873015873,0
1,0.015956477038093983,11,0.002728174603174603,0
2,0.8619453558272004,12,0.002976190476190476,1
2,0.8951503983663065,13,0.003224206349206349,1
2,0.91792784627148,14,0.003472222222222222,1
3,0.2696343873910102,15,0.003720238095238095,1
3,1.0732778823708877,16,0.003968253968253968,1
3,0.6524526590630318,17,0.004216269841269841,1
3,0.9373135493506353,18,0.004464285714285714,1
3,0.9482147561364572,19,0.004712301587301587,1
3,0.6246605828761415,20,0.00496031746031746,1
3,0.9320919904703101,21,0.005208333333333333,1
3,0.7229013518175285,22,0.005456349206349206,1
3,0.38572456413236855,23,0.005704365079365079,1
4,1.8503225776583336,8,0.001984126984126984,1
4,1.267486511095128,8,0.001984126984126984,1
4,1.2436519611785837,8,0.001984126984126984,1
4,1.3790802395889834,8,0.001984126984126984,1
4,1.5816710175982165,8,0.001984126984126984,1
4,1.4828188767533694,8,0.001984126984126984,1
4,1.6644200774121511,8,0.001984126984126984,1
4,1.0981531900414023,8,0.001984126984126984,1
4,1.2772840888707797,8,0.001984126984126984,1
4,1.46520087830354,8,0.001984126984126984,1
4,2.0693661877976117,8,0.001984126984126984,1
4,1.4658562384758727,8,0.001984126984126984,1
0,0.15426111318308158,3,0.000744047619047619,0
1,0.1019277584392159,4,0.000992063492063492,0
0,0.07581706812812158,5,0.001240079365079365,0
0,0.08766377879427797,5,0.001240079365079365,0
0,0.09157901439855595,6,0.001488095238095238,0
0,0.13018228694803693,6,0.001488095238095238,0
0,0.16873056337882775,7,0.001736111111111111,0
0,0.11798404238431606,7,0.001736111111111111,0
1,0.15935388393708777,8,0.001984126984126984,0
1,0.051760513118515726,9,0.002232142857142857,0
0,0.07926847455929847,10,0.00248015873015873,0
0,0.06378487328961666,11,0.002728174603174603,0
1,0.11572222954374263,12,0.002976190476190476,0
1,0.08205208074102932,13,0.003224206349206349,0
0,0.13648864685170978,14,0.003472222222222222,0
0,0.05344991441837793,15,0.003720238095238095,0
1,0.8086061946642563,16,0.003968253968253968,1
2,0.9373715822024513,17,0.004216269841269841,1
2,0.38693944499187793,18,0.004464285714285714,1
2,1.2243262614660408,19,0.004712301587301587,1
2,0.7433696230240249,20,0.00496031746031746,1
2,0.3949920172647654,21,0.005208333333333333,1
3,0.8316187797153572,22,0.005456349206349206,1
3,0.8066886935946302,23,0.005704365079365079,1
3,0.7836211240855014,24,0.005952380952380952,1
3,0.9982382225853333,25,0.006200396825396825,1
3,0.9494889942854112,26,0.006448412698412698,1
3,0.8595752382047691,27,0.006696428571428571,1
4,1.6350466901839944,8,0.001984126984126984,1
4,1.468692465168574,8,0.001984126984126984,1
4,2.0326472547720145,8,0.001984126984126984,1
4,1.05624119449267,8,0.001984126984126984,1
4,1.541895502264769,8,0.001984126984126984,1
4,1.519507389356634,8,0.001984126984126984,1
4,1.743984121819378,8,0.001984126984126984,1
4,1.2468438367725303,8,0.001984126984126984,1
4,0.9768982192810391,8,0.001984126984126984,1
4,1.547046904829458,8,0.001984126984126984,1
4,1.5843691476655812,8,0.001984126984126984,1
4,1.9468798228342947,8,0.001984126984126984,1
0,0.0364818976837457,5,0.001240079365079365,0
0,0.157734688335836,6,0.001488095238095238,0
1,0.2183707182013561,6,0.001488095238095238,0
0,0.08111175562387615,7,0.001736111111111111,0
1,0.0354528890253388,8,0.001984126984126984,0
0,0.07965128168133145,9,0.002232142857142857,0
1,0.10070024836856904,10,0.00248015873015873,0
0,0.12818939375034574,11,0.002728174603174603,0
1,0.07043026350809764,11,0.002728174603174603,0
0,0.17775992670736712,11,0.002728174603174603,0
0,0.04427338424959692,12,0.002976190476190476,0
0,0.013039742391359993,13,0.003224206349206349,0
1,0.1553355212143659,14,0.003472222222222222,0
0,0.0,15,0.003720238095238095,0
0,0.0897935115563642,16,0.003968253968253968,0
0,0.25588405646040235,17,0.004216269841269841,0
1,0.7975912894080137,18,0.004464285714285714,1
1,0.5758464698607502,19,0.004712301587301587,1
2,0.7885205072426413,20,0.00496031746031746,1
2,0.7898398422760934,21,0.005208333333333333,1
2,0.8321299880706233,22,0.005456349206349206,1
2,0.932452596431924,23,0.005704365079365079,1
2,0.5921777663264522,24,0.005952380952380952,1
2,1.1375096110473588,25,0.006200396825396825,1
2,0.8490228568745236,26,0.006448412698412698,1
2,0.9453588092803609,27,0.006696428571428571,1
3,0.6743701200488715,28,0.006944444444444444,1
4,1.0572764273991067,29,0.007192460317460317,1
5,1.4228842773560806,10,0.00248015873015873,1
5,1.5832657540480595,10,0.00248015873015873,1
5,1.2200681768438673,10,0.00248015873015873,1
5,1.200920512079362,10,0.00248015873015873,1
5,1.7064615919358648,10,0.00248015873015873,1
5,1.3669179509377842,10,0.00248015873015873,1
5,1.2438530737486868,10,0.00248015873015873,1
5,1.307044997391891,10,0.00248015873015873,1
5,1.7096859215152262,10,0.00248015873015873,1
5,1.3112886416389167,10,0.00248015873015873,1
5,1.4647035205193508,10,0.00248015873015873,1
5,1.504508325086129,10,0.00248015873015873,1
0,0.004132555699485049,4,0.000992063492063492,0
0,0.026443679731324096,5,0.001240079365079365,0
1,0.11681389446237814,6,0.001488095238095238,0
0,0.06314853194236514,7,0.001736111111111111,0
0,0.15283624556402092,7,0.001736111111111111,0
0,0.14834035521252723,7,0.001736111111111111,0
1,0.13595843331777185,7,0.001736111111111111,0
1,0.1909885893656299,8,0.001984126984126984,0
1,0.09584553361284084,8,0.001984126984126984,0
0,0.13244409629519197,9,0.002232142857142857,0
0,0.07077995117019845,9,0.002232142857142857,0
0,0.2226184956434362,9,0.002232142857142857,0
0,0.19918168262180097,9,0.002232142857142857,0
0,0.1005940217258896,9,0.002232142857142857,0
1,0.11932931149525962,10,0.00248015873015873,0
0,0.16796487996824028,11,0.002728174603174603,0
0,0.7705720990371786,12,0.002976190476190476,1
1,0.668675185840059,13,0.003224206349206349,1
1,0.9747979502013766,14,0.003472222222222222,1
2,0.8156878492167341,15,0.003720238095238095,1
3,0.8365988899290522,16,0.003968253968253968,1
3,0.633145731386407,17,0.004216269841269841,1
3,0.45646557032732077,18,0.004464285714285714,1
3,0.8472284819758202,19,0.004712301587301587,1
3,0.98099240829884,20,0.00496031746031746,1
3,0.7548386501847917,21,0.005208333333333333,1
3,1.0872859039117735,22,0.005456349206349206,1
3,0.6592167349168911,23,0.005704365079365079,1
4,1.183588663510224,8,0.001984126984126984,1
4,1.4798309078411607,8,0.001984126984126984,1
4,1.475222227394613,8,0.001984126984126984,1
4,1.7309906194005666,8,0.001984126984126984,1
4,1.2675111527808045,8,0.001984126984126984,1
4,1.9104282710444693,8,0.001984126984126984,1
4,2.090075088752476,8,0.001984126984126984,1
4,1.4882567919094973,8,0.001984126984126984,1
4,1.8749131260552956,8,0.001984126984126984,1
4,1.183050878812422,8,0.001984126984126984,1
4,1.8225664623545748,8,0.001984126984126984,1
4,1.8141829225678388,8,0.001984126984126984,1
0,0.14317186400949394,4,0.000992063492063492,0
0,0.0992218455564853,4,0.000992063492063492,0
0,0.0,5,0.001240079365079365,0
0,0.06791364281739354,5,0.001240079365079365,0
1,0.0687041991157699,5,0.001240079365079365,0
0,0.051087253096976135,6,0.001488095238095238,0
0,0.10611215022735332,6,0.001488095238095238,0
0,0.07905182772393828,7,0.001736111111111111,0
1,0.05876939951174891,8,0.001984126984126984,0
1,0.04705999258760901,9,0.002232142857142857,0
1,0.06422435072573857,9,0.002232142857142857,0
1,0.15607496059249643,10,0.00248015873015873,0
1,0.06694874726862529,10,0.00248015873015873,0
1,0.07425306467833638,11,0.002728174603174603,0
0,0.07716511924883769,12,0.002976190476190476,0
0,0.11694967569047099,12,0.002976190476190476,0
1,0.8912498977057066,13,0.003224206349206349,1
1,0.19106869215136757,14,0.003472222222222222,1
2,1.0043270427655218,15,0.003720238095238095,1
2,1.087273606848751,16,0.003968253968253968,1
3,0.5899626925276662,17,0.004216269841269841,1
4,0.605540351053033,18,0.004464285714285714,1
5,0.7099493224443457,19,0.004712301587301587,1
5,0.6487991961086791,20,0.00496031746031746,1
5,0.8447853747893214,21,0.005208333333333333,1
5,0.41069494272822715,22,0.005456349206349206,1
5,0.5764144783926521,23,0.005704365079365079,1
5,1.1078394400349816,24,0.005952380952380952,1
6,1.2215340097955947,12,0.002976190476190476,1
6,1.8730284834308775,12,0.002976190476190476,1
6,1.606601458677041,12,0.002976190476190476,1
6,0.9572196856235226,12,0.002976190476190476,1
6,1.6905987585648619,12,0.002976190476190476,1
6,1.464699809342144,12,0.002976190476190476,1
6,1.363359883125078,12,0.002976190476190476,1
6,1.5734871279516012,12,0.002976190476190476,1
6,1.6423900456700375,12,0.002976190476190476,1
6,1.7122775465923858,12,0.002976190476190476,1
6,1.8534758542644008,12,0.002976190476190476,1
6,1.622440773833507,12,0.002976190476190476,1
1,0.03121829556068191,5,0.001240079365079365,0
1,0.07631772711744045,6,0.001488095238095238,0
0,0.24715241676343108,6,0.001488095238095238,0
0,0.1362245530190864,6,0.001488095238095238,0
0,0.21846436504057487,6,0.001488095238095238,0
1,0.1697717041099593,7,0.001736111111111111,0
1,0.11209010357778744,8,0.001984126984126984,0
0,0.11507035348905588,8,0.001984126984126984,0
0,0.09817099800615772,9,0.002232142857142857,0
0,0.013109769207675023,10,0.00248015873015873,0
1,0.10090236262341122,10,0.00248015873015873,0
0,0.16053372762710988,10,0.00248015873015873,0
0,0.07001800025893982,11,0.002728174603174603,0
0,0.12059764995309048,12,0.002976190476190476,0
0,0.14257955229465988,13,0.003224206349206349,0
0,0.05451597803437623,13,0.003224206349206349,0
0,0.7097394271312671,14,0.003472222222222222,1
0,0.5964177019045682,15,0.003720238095238095,1
1,0.6355668786621187,16,0.003968253968253968,1
1,0.5424789432693877,17,0.004216269841269841,1
1,0.6199103077243947,18,0.004464285714285714,1
2,1.083891136159568,19,0.004712301587301587,1
2,0.6169045941819415,20,0.00496031746031746,1
2,0.825291843812138,21,0.005208333333333333,1
3,0.6994262492658089,22,0.005456349206349206,1
4,1.0357731874073879,23,0.005704365079365079,1
4,1.0622324593207233,24,0.005952380952380952,1
4,0.9728139964277894,25,0.006200396825396825,1
5,1.5918403659308267,10,0.00248015873015873,1
5,1.4306821389477304,10,0.00248015873015873,1
5,1.142437588742625,10,0.00248015873015873,1
5,2.083058664336659,10,0.00248015873015873,1
5,1.272098094674234,10,0.00248015873015873,1
5,1.6990939041098525,10,0.00248015873015873,1
5,1.817869671787019,10,0.00248015873015873,1
5,1.333415850928401,10,0.00248015873015873,1
5,1.8114037581947886,10,0.00248015873015873,1
5,1.7292639610016565,10,0.00248015873015873,1
5,2.0183891506145297,10,0.00248015873015873,1
5,1.3591960600719866,10,0.00248015873015873,1
0,0.03570679913601425,5,0.001240079365079365,0
0,0.07472551222777445,5,0.001240079365079365,0
1,0.1104426771267166,5,0.001240079365079365,0
0,0.10291063635425284,6,0.001488095238095238,0
0,0.08032810518627248,6,0.001488095238095238,0
0,0.004540127051137849,6,0.001488095238095238,0
1,0.12352414980645533,6,0.001488095238095238,0
1,0.19861722395411002,7,0.001736111111111111,0
0,0.12321256190615018,8,0.001984126984126984,0
0,0.13045677595267569,9,0.002232142857142857,0
0,0.1286222653077551,10,0.00248015873015873,0
0,0.11985233349412,11,0.002728174603174603,0
0,0.14658329834340475,11,0.002728174603174603,0
1,0.1197686840592833,11,0.002728174603174603,0
1,0.08436614151733621,11,0.002728174603174603,0
0,0.0602005544995623,11,0.002728174603174603,0
0,0.750205268943865,12,0.002976190476190476,1
0,0.8628258992901332,13,0.003224206349206349,1
1,0.7367834077754054,14,0.003472222222222222,1
1,0.8628677366262861,15,0.003720238095238095,1
1,0.8878300267400836,16,0.003968253968253968,1
2,0.9666358862540364,17,0.004216269841269841,1
2,1.0565589937677962,18,0.004464285714285714,1
2,0.8156014836957716,19,0.004712301587301587,1
3,0.5384446869704679,20,0.00496031746031746,1
4,0.7309791806361621,21,0.005208333333333333,1
4,0.8088125134813199,22,0.005456349206349206,1
5,0.432846248764582,23,0.005704365079365079,1
6,1.9165993560307446,12,0.002976190476190476,1
6,1.54271337375314,12,0.002976190476190476,1
6,1.6144058503740855,12,0.002976190476190476,1
6,1.9096579387578796,12,0.002976190476190476,1
6,1.310957150957296,12,0.002976190476190476,1
6,1.672212579265209,12,0.002976190476190476,1
6,1.4670407630694193,12,0.002976190476190476,1
6,1.4447739398952242,12,0.002976190476190476,1
6,1.2683422836586862,12,0.002976190476190476,1
6,1.9996809641059583,12,0.002976190476190476,1
6,1.3873499879773288,12,0.002976190476190476,1
6,1.7098392740687105,12,0.002976190476190476,1
1,0.006249630626403185,2,0.000496031746031746,0
0,0.15899942648448934,3,0.000744047619047619,0
0,0.15261055779785293,4,0.000992063492063492,0
1,0.10487170551486516,5,0.001240079365079365,0
0,0.08865287669310379,5,0.001240079365079365,0
1,0.12000000028067832,6,0.001488095238095238,0
1,0.21443953304401447,6,0.001488095238095238,0
1,0.011838165054825739,7,0.001736111111111111,0
0,0.13910136937870637,8,0.001984126984126984,0
0,0.05441913489230488,9,0.002232142857142857,0
1,0.09900408018501344,10,0.00248015873015873,0
0,0.08760599404606685,11,0.002728174603174603,0
1,0.07858408711011222,11,0.002728174603174603,0
0,0.09947674354736354,12,0.002976190476190476,0
0,0.04329144273611048,12,0.002976190476190476,0
1,0.15145902180639836,13,0.003224206349206349,0
2,0.44117129776027997,14,0.003472222222222222,1
2,0.9079529025656685,15,0.003720238095238095,1
3,0.7346928294930858,16,0.003968253968253968,1
4,0.5658150212385094,17,0.004216269841269841,1
5,0.8404766741197391,18,0.004464285714285714,1
5,0.4886097826587044,19,0.004712301587301587,1
5,0.807942764343927,20,0.00496031746031746,1
5,0.5154246184376892,21,0.005208333333333333,1
5,0.8922544168635663,22,0.005456349206349206,1
5,0.6151285332739249,23,0.005704365079365079,1
5,0.7098011965941382,24,0.005952380952380952,1
5,0.8587898775886325,25,0.006200396825396825,1
6,1.2682373664473292,12,0.002976190476190476,1
6,1.4826108000995093,12,0.002976190476190476,1
6,1.045850849626544,12,0.002976190476190476,1
6,1.6892626810788467,12,0.002976190476190476,1
6,2.0294741416652315,12,0.002976190476190476,1
6,2.337662660372988,12,0.002976190476190476,1
6,1.5273504439999317,12,0.002976190476190476,1
6,1.736461242239156,12,0.002976190476190476,1
6,0.9658122981277533,12,0.002976190476190476,1
6,1.9508202978916764,12,0.002976190476190476,1
6,1.7328685514172317,12,0.002976190476190476,1
6,1.35481996651463,12,0.002976190476190476,1
